Timestamp_Seconds,Multimeter_Temp,Micro_Temp,Difference,Status
0.0,130.0,17.0,113.0,Preheat
0.2,130.0,18.7,111.3,Preheat
0.0,130.0,18.7,111.3,Preheat
0.2,130.0,17.8,112.2,Preheat
0.5,130.0,17.6,112.4,Preheat
0.8,130.0,18.7,111.3,Preheat
1.0,130.0,17.8,112.2,Preheat
1.2,130.0,18.7,111.3,Preheat
1.5,130.0,17.8,112.2,Preheat
1.8,130.0,18.7,111.3,Preheat
2.0,130.0,18.8,111.2,Preheat
2.2,130.0,17.7,112.3,Preheat
2.5,130.0,18.8,111.2,Preheat
2.8,130.0,17.7,112.3,Preheat
3.0,130.0,18.7,111.3,Preheat
3.2,130.0,18.7,111.3,Preheat
3.5,130.0,18.8,111.2,Preheat
3.8,130.0,17.8,112.2,Preheat
4.0,130.0,18.8,111.2,Preheat
4.2,130.0,17.7,112.3,Preheat
4.5,130.0,18.7,111.3,Preheat
4.8,130.0,18.8,111.2,Preheat
5.0,130.0,17.7,112.3,Preheat
5.2,130.0,18.8,111.2,Preheat
5.5,130.0,17.7,112.3,Preheat
5.8,130.0,18.8,111.2,Preheat
6.0,130.0,17.8,112.2,Preheat
6.2,130.0,18.8,111.2,Preheat
6.5,130.0,17.8,112.2,Preheat
6.8,130.0,18.8,111.2,Preheat
7.0,130.0,17.8,112.2,Preheat
7.2,130.0,18.8,111.2,Preheat
7.5,130.0,17.8,112.2,Preheat
7.8,130.0,17.9,112.1,Preheat
8.0,130.0,18.9,111.1,Preheat
8.2,130.0,17.9,112.1,Preheat
8.5,130.0,17.9,112.1,Preheat
8.8,130.0,19.0,111.0,Preheat
9.0,130.0,17.9,112.1,Preheat
9.2,130.0,18.9,111.1,Preheat
9.5,130.0,19.0,111.0,Preheat
9.8,130.0,19.0,111.0,Preheat
10.0,130.0,17.9,112.1,Preheat
10.2,130.0,19.8,110.2,Preheat
10.5,130.0,19.0,111.0,Preheat
10.8,130.0,19.0,111.0,Preheat
11.0,130.0,19.0,111.0,Preheat
11.2,130.0,21.4,108.6,Preheat
11.5,130.0,19.2,110.8,Preheat
11.8,130.0,19.1,110.9,Preheat
12.0,130.0,19.7,110.3,Preheat
12.2,130.0,19.6,110.4,Preheat
12.5,130.0,19.8,110.2,Preheat
12.8,130.0,18.9,111.1,Preheat
13.0,130.0,18.8,111.2,Preheat
13.2,130.0,20.0,110.0,Preheat
13.5,130.0,19.7,110.3,Preheat
13.8,130.0,21.4,108.6,Preheat
14.0,130.0,20.7,109.3,Preheat
14.2,130.0,21.0,109.0,Preheat
14.5,130.0,22.0,108.0,Preheat
14.8,130.0,20.4,109.6,Preheat
15.0,130.0,21.4,108.6,Preheat
15.2,130.0,22.5,107.5,Preheat
15.5,130.0,22.5,107.5,Preheat
15.8,130.0,21.3,108.7,Preheat
16.0,130.0,22.5,107.5,Preheat
16.2,130.0,21.9,108.1,Preheat
16.5,130.0,23.2,106.8,Preheat
16.8,130.0,23.6,106.4,Preheat
17.0,130.0,23.6,106.4,Preheat
17.2,130.0,22.5,107.5,Preheat
17.5,130.0,24.8,105.2,Preheat
17.8,130.0,24.7,105.3,Preheat
18.0,130.0,24.9,105.1,Preheat
18.2,130.0,24.9,105.1,Preheat
18.5,130.0,23.8,106.2,Preheat
18.8,130.0,25.3,104.7,Preheat
19.0,130.0,25.2,104.8,Preheat
19.2,130.0,24.3,105.7,Preheat
19.5,130.0,26.4,103.6,Preheat
19.8,130.0,25.4,104.6,Preheat
20.0,130.0,26.3,103.7,Preheat
20.2,130.0,25.1,104.9,Preheat
20.5,130.0,27.1,102.9,Preheat
20.8,130.0,27.6,102.4,Preheat
21.0,130.0,27.2,102.8,Preheat
21.2,130.0,27.3,102.7,Preheat
21.5,130.0,28.2,101.8,Preheat
21.8,130.0,27.2,102.8,Preheat
22.0,130.0,27.4,102.6,Preheat
22.2,130.0,26.3,103.7,Preheat
22.5,130.0,28.6,101.4,Preheat
22.8,130.0,28.0,102.0,Preheat
23.0,130.0,27.0,103.0,Preheat
23.2,130.0,27.6,102.4,Preheat
23.5,130.0,29.3,100.7,Preheat
23.8,130.0,28.0,102.0,Preheat
24.0,130.0,28.9,101.1,Preheat
24.2,130.0,29.3,100.7,Preheat
24.5,130.0,29.2,100.8,Preheat
24.8,130.0,29.4,100.6,Preheat
25.0,130.0,30.3,99.7,Preheat
25.2,130.0,30.7,99.3,Preheat
25.5,130.0,30.2,99.8,Preheat
25.8,130.0,30.4,99.6,Preheat
26.0,130.0,31.4,98.6,Preheat
26.2,130.0,30.8,99.2,Preheat
26.5,130.0,31.9,98.1,Preheat
26.8,130.0,32.5,97.5,Preheat
27.0,130.0,31.7,98.3,Preheat
27.2,130.0,33.8,96.2,Preheat
27.5,130.0,32.9,97.1,Preheat
27.8,130.0,32.8,97.2,Preheat
28.0,130.0,33.5,96.5,Preheat
28.2,130.0,33.7,96.3,Preheat
28.5,130.0,33.4,96.6,Preheat
28.8,130.0,33.9,96.1,Preheat
29.0,130.0,34.5,95.5,Preheat
29.2,130.0,34.8,95.2,Preheat
29.5,130.0,34.2,95.8,Preheat
29.8,130.0,35.6,94.4,Preheat
30.0,130.0,35.6,94.4,Preheat
30.2,130.0,35.9,94.1,Preheat
30.5,130.0,35.6,94.4,Preheat
30.8,130.0,36.0,94.0,Preheat
31.0,130.0,37.0,93.0,Preheat
31.2,130.0,36.6,93.4,Preheat
31.5,130.0,37.7,92.3,Preheat
31.8,130.0,38.2,91.8,Preheat
32.0,130.0,38.8,91.2,Preheat
32.2,130.0,38.6,91.4,Preheat
32.5,130.0,38.6,91.4,Preheat
32.8,130.0,40.0,90.0,Preheat
33.0,130.0,39.6,90.4,Preheat
33.2,130.0,39.8,90.2,Preheat
33.5,130.0,41.3,88.7,Preheat
33.8,130.0,40.9,89.1,Preheat
34.0,130.0,41.3,88.7,Preheat
34.2,130.0,42.5,87.5,Preheat
34.5,130.0,41.7,88.3,Preheat
34.8,130.0,41.9,88.1,Preheat
35.0,130.0,42.4,87.6,Preheat
35.2,130.0,42.9,87.1,Preheat
35.5,130.0,43.7,86.3,Preheat
35.8,130.0,44.3,85.7,Preheat
36.0,130.0,44.3,85.7,Preheat
36.2,130.0,44.7,85.3,Preheat
36.5,130.0,44.7,85.3,Preheat
36.8,130.0,45.2,84.8,Preheat
37.0,130.0,45.6,84.4,Preheat
37.2,130.0,45.7,84.3,Preheat
37.5,130.0,45.7,84.3,Preheat
37.8,130.0,45.6,84.4,Preheat
38.0,130.0,45.7,84.3,Preheat
38.2,130.0,46.9,83.1,Preheat
38.5,130.0,47.2,82.8,Preheat
38.8,130.0,46.3,83.7,Preheat
39.0,130.0,47.8,82.2,Preheat
39.2,130.0,47.4,82.6,Preheat
39.5,130.0,48.3,81.7,Preheat
39.8,130.0,48.0,82.0,Preheat
40.0,130.0,49.1,80.9,Preheat
40.2,130.0,49.1,80.9,Preheat
40.5,130.0,50.1,79.9,Preheat
40.8,130.0,49.9,80.1,Preheat
41.0,130.0,50.7,79.3,Preheat
41.2,130.0,50.0,80.0,Preheat
41.5,130.0,50.9,79.1,Preheat
41.8,130.0,51.6,78.4,Preheat
42.0,130.0,51.8,78.2,Preheat
42.2,130.0,51.7,78.3,Preheat
42.5,130.0,52.3,77.7,Preheat
42.8,130.0,53.1,76.9,Preheat
43.0,130.0,53.2,76.8,Preheat
43.2,130.0,52.6,77.4,Preheat
43.5,130.0,52.8,77.2,Preheat
43.8,130.0,54.0,76.0,Preheat
44.0,130.0,54.1,75.9,Preheat
44.2,130.0,54.8,75.2,Preheat
44.5,130.0,55.1,74.9,Preheat
44.8,130.0,54.9,75.1,Preheat
45.0,130.0,55.0,75.0,Preheat
45.2,130.0,55.8,74.2,Preheat
45.5,130.0,55.2,74.8,Preheat
45.8,130.0,56.2,73.8,Preheat
46.0,130.0,56.0,74.0,Preheat
46.2,130.0,56.4,73.6,Preheat
46.5,130.0,55.7,74.3,Preheat
46.8,130.0,56.7,73.3,Preheat
47.0,130.0,56.4,73.6,Preheat
47.2,130.0,56.5,73.5,Preheat
47.5,130.0,57.6,72.4,Preheat
47.8,130.0,57.0,73.0,Preheat
48.0,130.0,57.9,72.1,Preheat
48.2,130.0,57.2,72.8,Preheat
48.5,130.0,58.0,72.0,Preheat
48.8,130.0,57.9,72.1,Preheat
49.0,130.0,58.8,71.2,Preheat
49.2,130.0,58.4,71.6,Preheat
49.5,130.0,59.0,71.0,Preheat
49.8,130.0,59.3,70.7,Preheat
50.0,130.0,59.2,70.8,Preheat
50.2,130.0,60.4,69.6,Preheat
50.5,130.0,60.1,69.9,Preheat
50.8,130.0,60.3,69.7,Preheat
51.0,130.0,60.9,69.1,Preheat
51.2,130.0,62.2,67.8,Preheat
51.5,130.0,62.0,68.0,Preheat
51.8,130.0,62.5,67.5,Preheat
52.0,130.0,62.6,67.4,Preheat
52.2,130.0,63.1,66.9,Preheat
52.5,130.0,63.5,66.5,Preheat
52.8,130.0,63.9,66.1,Preheat
53.0,130.0,65.2,64.8,Preheat
53.2,130.0,65.2,64.8,Preheat
53.5,130.0,66.0,64.0,Preheat
53.8,130.0,65.8,64.2,Preheat
54.0,130.0,65.6,64.4,Preheat
54.2,130.0,66.6,63.400000000000006,Preheat
54.5,130.0,66.5,63.5,Preheat
54.8,130.0,67.0,63.0,Preheat
55.0,130.0,68.1,61.900000000000006,Preheat
55.2,130.0,67.4,62.599999999999994,Preheat
55.5,130.0,68.0,62.0,Preheat
55.8,130.0,68.6,61.400000000000006,Preheat
56.0,130.0,69.0,61.0,Preheat
56.2,130.0,69.6,60.400000000000006,Preheat
56.5,130.0,69.9,60.099999999999994,Preheat
56.8,130.0,69.2,60.8,Preheat
57.0,130.0,69.4,60.599999999999994,Preheat
57.2,130.0,70.1,59.900000000000006,Preheat
57.5,130.0,70.4,59.599999999999994,Preheat
57.8,130.0,71.4,58.599999999999994,Preheat
58.0,130.0,71.9,58.099999999999994,Preheat
58.2,130.0,71.2,58.8,Preheat
58.5,130.0,72.2,57.8,Preheat
58.8,130.0,72.7,57.3,Preheat
59.0,130.0,73.2,56.8,Preheat
59.2,130.0,72.7,57.3,Preheat
59.5,130.0,73.8,56.2,Preheat
59.8,130.0,73.8,56.2,Preheat
60.0,130.0,74.2,55.8,Preheat
60.2,130.0,75.2,54.8,Preheat
60.5,130.0,74.8,55.2,Preheat
60.8,130.0,75.2,54.8,Preheat
61.0,130.0,75.7,54.3,Preheat
61.2,130.0,76.6,53.400000000000006,Preheat
61.5,130.0,76.4,53.599999999999994,Preheat
61.8,130.0,76.5,53.5,Preheat
62.0,130.0,76.1,53.900000000000006,Preheat
62.2,130.0,76.8,53.2,Preheat
62.5,130.0,77.5,52.5,Soak
62.8,130.0,77.8,52.2,Soak
63.0,130.0,78.3,51.7,Soak
63.2,130.0,78.2,51.8,Soak
63.5,130.0,78.0,52.0,Soak
63.8,130.0,78.7,51.3,Soak
64.0,130.0,79.8,50.2,Soak
64.2,130.0,79.8,50.2,Soak
64.5,130.0,80.9,49.099999999999994,Soak
64.8,130.0,81.5,48.5,Soak
65.0,130.0,82.0,48.0,Soak
65.2,130.0,81.8,48.2,Soak
65.5,130.0,82.2,47.8,Soak
65.8,130.0,82.6,47.400000000000006,Soak
66.0,130.0,83.3,46.7,Soak
66.2,130.0,83.6,46.400000000000006,Soak
66.5,130.0,83.9,46.099999999999994,Soak
66.8,130.0,83.3,46.7,Soak
67.0,130.0,83.4,46.599999999999994,Soak
67.2,130.0,84.5,45.5,Soak
67.5,130.0,83.9,46.099999999999994,Soak
67.8,130.0,84.3,45.7,Soak
68.0,130.0,85.0,45.0,Soak
68.2,130.0,85.9,44.099999999999994,Soak
68.5,130.0,86.3,43.7,Soak
68.8,130.0,85.6,44.400000000000006,Soak
69.0,130.0,86.3,43.7,Soak
69.2,130.0,87.1,42.900000000000006,Soak
69.5,130.0,87.8,42.2,Soak
69.8,130.0,87.3,42.7,Soak
70.0,130.0,88.0,42.0,Soak
70.2,130.0,88.9,41.099999999999994,Soak
70.5,130.0,88.7,41.3,Soak
70.8,130.0,88.9,41.099999999999994,Soak
71.0,130.0,89.1,40.900000000000006,Soak
71.2,130.0,89.6,40.400000000000006,Soak
71.5,130.0,89.9,40.099999999999994,Soak
71.8,130.0,90.5,39.5,Soak
72.0,130.0,89.9,40.099999999999994,Soak
72.2,130.0,92.2,37.8,Soak
72.5,130.0,91.7,38.3,Soak
72.8,130.0,93.0,37.0,Soak
73.0,130.0,93.1,36.900000000000006,Soak
73.2,130.0,94.6,35.400000000000006,Soak
73.5,130.0,95.7,34.3,Soak
73.8,130.0,95.6,34.400000000000006,Soak
74.0,130.0,94.6,35.400000000000006,Soak
74.2,130.0,96.2,33.8,Soak
74.5,130.0,96.0,34.0,Soak
74.8,130.0,97.4,32.599999999999994,Soak
75.0,130.0,99.0,31.0,Soak
75.2,130.0,97.9,32.099999999999994,Soak
75.5,130.0,99.0,31.0,Soak
75.8,130.0,100.2,29.799999999999997,Soak
76.0,130.0,100.4,29.599999999999994,Soak
76.2,130.0,101.8,28.200000000000003,Soak
76.5,130.0,101.8,28.200000000000003,Soak
76.8,130.0,102.0,28.0,Soak
77.0,130.0,101.2,28.799999999999997,Soak
77.2,130.0,103.0,27.0,Soak
77.5,130.0,103.5,26.5,Soak
77.8,130.0,103.1,26.900000000000006,Soak
78.0,130.0,103.0,27.0,Soak
78.2,130.0,104.3,25.700000000000003,Soak
78.5,130.0,103.5,26.5,Soak
78.8,130.0,103.6,26.400000000000006,Soak
79.0,130.0,104.8,25.200000000000003,Soak
79.2,130.0,104.3,25.700000000000003,Soak
79.5,130.0,104.5,25.5,Soak
79.8,130.0,105.7,24.299999999999997,Soak
80.0,130.0,105.2,24.799999999999997,Soak
80.2,130.0,106.1,23.900000000000006,Soak
80.5,130.0,106.1,23.900000000000006,Soak
80.8,130.0,105.9,24.099999999999994,Soak
81.0,130.0,106.8,23.200000000000003,Soak
81.2,130.0,106.5,23.5,Soak
81.5,130.0,107.7,22.299999999999997,Soak
81.8,130.0,108.1,21.900000000000006,Soak
82.0,130.0,108.4,21.599999999999994,Soak
82.2,130.0,108.1,21.900000000000006,Soak
82.5,130.0,108.1,21.900000000000006,Soak
82.8,130.0,108.7,21.299999999999997,Soak
83.0,130.0,108.1,21.900000000000006,Soak
83.2,130.0,108.5,21.5,Soak
83.5,130.0,108.8,21.200000000000003,Soak
83.8,130.0,108.4,21.599999999999994,Soak
84.0,130.0,109.9,20.099999999999994,Soak
84.2,130.0,110.0,20.0,Soak
84.5,130.0,110.7,19.299999999999997,Soak
84.8,130.0,111.1,18.900000000000006,Soak
85.0,130.0,112.5,17.5,Soak
85.2,130.0,112.3,17.700000000000003,Soak
85.5,130.0,112.4,17.599999999999994,Soak
85.8,130.0,111.7,18.299999999999997,Soak
86.0,130.0,113.5,16.5,Soak
86.2,130.0,113.7,16.299999999999997,Soak
86.5,130.0,113.2,16.799999999999997,Soak
86.8,130.0,114.4,15.599999999999994,Soak
87.0,130.0,114.8,15.200000000000003,Soak
87.2,130.0,115.5,14.5,Soak
87.5,130.0,114.8,15.200000000000003,Soak
87.8,130.0,116.4,13.599999999999994,Soak
88.0,130.0,116.8,13.200000000000003,Soak
88.2,130.0,117.0,13.0,Soak
88.5,130.0,117.0,13.0,Soak
88.8,130.0,117.4,12.599999999999994,Soak
89.0,130.0,117.9,12.099999999999994,Soak
89.2,130.0,118.8,11.200000000000003,Soak
89.5,130.0,119.4,10.599999999999994,Soak
89.8,130.0,119.8,10.200000000000003,Soak
90.0,130.0,119.1,10.900000000000006,Ramp to Reflow
90.2,130.0,120.0,10.0,Ramp to Reflow
90.5,130.0,120.4,9.599999999999994,Ramp to Reflow
90.8,130.0,121.2,8.799999999999997,Ramp to Reflow
91.0,130.0,120.9,9.099999999999994,Ramp to Reflow
91.2,130.0,120.1,9.900000000000006,Ramp to Reflow
91.5,130.0,121.3,8.700000000000003,Ramp to Reflow
91.8,130.0,122.5,7.5,Ramp to Reflow
92.0,130.0,121.9,8.099999999999994,Ramp to Reflow
92.2,130.0,122.1,7.900000000000006,Ramp to Reflow
92.5,130.0,123.1,6.900000000000006,Ramp to Reflow
92.8,130.0,123.5,6.5,Ramp to Reflow
93.0,130.0,123.4,6.599999999999994,Ramp to Reflow
93.2,130.0,123.8,6.200000000000003,Ramp to Reflow
93.5,130.0,124.4,5.599999999999994,Ramp to Reflow
93.8,130.0,125.0,5.0,Ramp to Reflow
94.0,130.0,125.1,4.900000000000006,Ramp to Reflow
94.2,130.0,125.6,4.400000000000006,Ramp to Reflow
94.5,130.0,125.9,4.099999999999994,Ramp to Reflow
94.8,130.0,126.3,3.700000000000003,Ramp to Reflow
95.0,130.0,126.4,3.5999999999999943,Ramp to Reflow
95.2,130.0,126.0,4.0,Ramp to Reflow
95.5,130.0,127.3,2.700000000000003,Ramp to Reflow
95.8,130.0,127.4,2.5999999999999943,Ramp to Reflow
96.0,130.0,127.4,2.5999999999999943,Ramp to Reflow
96.2,130.0,127.6,2.4000000000000057,Ramp to Reflow
96.5,130.0,127.8,2.200000000000003,Ramp to Reflow
96.8,130.0,127.4,2.5999999999999943,Ramp to Reflow
97.0,130.0,128.7,1.3000000000000114,Ramp to Reflow
97.2,130.0,128.8,1.1999999999999886,Ramp to Reflow
97.5,130.0,126.8,3.200000000000003,Ramp to Reflow
97.8,130.0,127.7,2.299999999999997,Ramp to Reflow
98.0,130.0,128.7,1.3000000000000114,Ramp to Reflow
98.2,130.0,128.7,1.3000000000000114,Ramp to Reflow
98.5,130.0,129.3,0.6999999999999886,Ramp to Reflow
98.8,130.0,129.4,0.5999999999999943,Ramp to Reflow
99.0,130.0,129.4,0.5999999999999943,Ramp to Reflow
99.2,130.0,129.9,0.09999999999999432,Ramp to Reflow
99.5,130.0,130.5,-0.5,Ramp to Reflow
99.8,130.0,130.4,-0.4000000000000057,Ramp to Reflow
100.0,130.0,132.3,-2.3000000000000114,Ramp to Reflow
100.2,130.0,132.7,-2.6999999999999886,Ramp to Reflow
100.5,130.0,132.2,-2.1999999999999886,Ramp to Reflow
100.8,130.0,133.5,-3.5,Ramp to Reflow
101.0,130.0,132.2,-2.1999999999999886,Ramp to Reflow
101.2,130.0,133.7,-3.6999999999999886,Ramp to Reflow
101.5,130.0,134.2,-4.199999999999989,Ramp to Reflow
101.8,130.0,134.8,-4.800000000000011,Ramp to Reflow
102.0,130.0,134.2,-4.199999999999989,Ramp to Reflow
102.2,130.0,134.9,-4.900000000000006,Ramp to Reflow
102.5,130.0,135.8,-5.800000000000011,Ramp to Reflow
102.8,130.0,136.4,-6.400000000000006,Ramp to Reflow
103.0,130.0,135.6,-5.599999999999994,Ramp to Reflow
103.2,130.0,135.6,-5.599999999999994,Ramp to Reflow
103.5,130.0,135.0,-5.0,Ramp to Reflow
103.8,130.0,136.7,-6.699999999999989,Ramp to Reflow
104.0,130.0,136.4,-6.400000000000006,Ramp to Reflow
104.2,130.0,136.1,-6.099999999999994,Ramp to Reflow
104.5,130.0,136.9,-6.900000000000006,Ramp to Reflow
104.8,130.0,137.1,-7.099999999999994,Ramp to Reflow
105.0,130.0,138.0,-8.0,Ramp to Reflow
105.2,130.0,137.1,-7.099999999999994,Ramp to Reflow
105.5,130.0,139.0,-9.0,Ramp to Reflow
105.8,130.0,137.5,-7.5,Ramp to Reflow
106.0,130.0,139.3,-9.300000000000011,Ramp to Reflow
106.2,130.0,137.8,-7.800000000000011,Ramp to Reflow
106.5,130.0,139.3,-9.300000000000011,Ramp to Reflow
106.8,130.0,138.0,-8.0,Ramp to Reflow
107.0,130.0,139.2,-9.199999999999989,Ramp to Reflow
107.2,130.0,140.2,-10.199999999999989,Ramp to Reflow
107.5,130.0,139.5,-9.5,Ramp to Reflow
107.8,130.0,140.9,-10.900000000000006,Ramp to Reflow
108.0,130.0,139.4,-9.400000000000006,Ramp to Reflow
108.2,130.0,142.0,-12.0,Ramp to Reflow
108.5,130.0,139.7,-9.699999999999989,Ramp to Reflow
108.8,130.0,139.9,-9.900000000000006,Ramp to Reflow
109.0,130.0,141.2,-11.199999999999989,Ramp to Reflow
109.2,130.0,141.3,-11.300000000000011,Ramp to Reflow
109.5,130.0,141.6,-11.599999999999994,Ramp to Reflow
109.8,130.0,142.1,-12.099999999999994,Ramp to Reflow
110.0,130.0,141.7,-11.699999999999989,Ramp to Reflow
110.2,130.0,142.2,-12.199999999999989,Ramp to Reflow
110.5,130.0,140.6,-10.599999999999994,Ramp to Reflow
110.8,130.0,141.2,-11.199999999999989,Ramp to Reflow
111.0,130.0,142.5,-12.5,Ramp to Reflow
111.2,130.0,142.5,-12.5,Ramp to Reflow
111.5,130.0,142.1,-12.099999999999994,Ramp to Reflow
111.8,130.0,144.1,-14.099999999999994,Ramp to Reflow
112.0,130.0,145.0,-15.0,Ramp to Reflow
112.2,130.0,144.2,-14.199999999999989,Ramp to Reflow
112.5,130.0,145.8,-15.800000000000011,Ramp to Reflow
112.8,130.0,143.9,-13.900000000000006,Ramp to Reflow
113.0,130.0,144.3,-14.300000000000011,Ramp to Reflow
113.2,130.0,146.7,-16.69999999999999,Ramp to Reflow
113.5,130.0,146.5,-16.5,Ramp to Reflow
113.8,130.0,146.0,-16.0,Ramp to Reflow
114.0,130.0,146.9,-16.900000000000006,Ramp to Reflow
114.2,130.0,146.4,-16.400000000000006,Ramp to Reflow
114.5,130.0,148.0,-18.0,Ramp to Reflow
114.8,130.0,147.6,-17.599999999999994,Ramp to Reflow
115.0,130.0,147.5,-17.5,Ramp to Reflow
115.2,130.0,148.6,-18.599999999999994,Ramp to Reflow
115.5,130.0,148.0,-18.0,Ramp to Reflow
115.8,130.0,148.3,-18.30000000000001,Ramp to Reflow
116.0,130.0,148.0,-18.0,Ramp to Reflow
116.2,130.0,148.3,-18.30000000000001,Ramp to Reflow
116.5,130.0,149.1,-19.099999999999994,Ramp to Reflow
116.8,130.0,148.9,-18.900000000000006,Ramp to Reflow
117.0,130.0,149.4,-19.400000000000006,Ramp to Reflow
117.2,130.0,149.8,-19.80000000000001,Ramp to Reflow
117.5,130.0,149.0,-19.0,Peak
117.8,130.0,150.1,-20.099999999999994,Peak
118.0,130.0,150.8,-20.80000000000001,Peak
118.2,130.0,150.5,-20.5,Peak
118.5,130.0,150.3,-20.30000000000001,Peak
118.8,130.0,149.9,-19.900000000000006,Peak
119.0,130.0,150.0,-20.0,Peak
119.2,130.0,151.4,-21.400000000000006,Peak
119.5,130.0,153.0,-23.0,Peak
119.8,130.0,151.8,-21.80000000000001,Peak
120.0,130.0,152.3,-22.30000000000001,Peak
120.2,130.0,152.3,-22.30000000000001,Peak
120.5,130.0,153.3,-23.30000000000001,Peak
120.8,130.0,153.8,-23.80000000000001,Peak
121.0,130.0,153.3,-23.30000000000001,Peak
121.2,130.0,153.3,-23.30000000000001,Peak
121.5,130.0,153.7,-23.69999999999999,Peak
121.8,130.0,154.6,-24.599999999999994,Peak
122.0,130.0,155.0,-25.0,Peak
122.2,130.0,155.1,-25.099999999999994,Peak
122.5,130.0,155.6,-25.599999999999994,Reflow Hold
122.8,130.0,155.0,-25.0,Reflow Hold
123.0,130.0,155.7,-25.69999999999999,Reflow Hold
123.2,130.0,157.1,-27.099999999999994,Reflow Hold
123.5,130.0,155.9,-25.900000000000006,Reflow Hold
123.8,130.0,155.7,-25.69999999999999,Reflow Hold
124.0,130.0,156.4,-26.400000000000006,Reflow Hold
124.2,130.0,157.4,-27.400000000000006,Reflow Hold
124.5,130.0,157.7,-27.69999999999999,Reflow Hold
124.8,130.0,157.0,-27.0,Reflow Hold
125.0,130.0,157.7,-27.69999999999999,Reflow Hold
125.2,130.0,159.1,-29.099999999999994,Reflow Hold
125.5,130.0,159.1,-29.099999999999994,Reflow Hold
125.8,130.0,158.2,-28.19999999999999,Reflow Hold
126.0,130.0,157.7,-27.69999999999999,Reflow Hold
126.2,130.0,160.1,-30.099999999999994,Reflow Hold
126.5,130.0,159.1,-29.099999999999994,Reflow Hold
126.8,130.0,158.7,-28.69999999999999,Reflow Hold
127.0,130.0,159.4,-29.400000000000006,Reflow Hold
127.2,130.0,159.0,-29.0,Reflow Hold
127.5,130.0,159.3,-29.30000000000001,Reflow Hold
127.8,130.0,159.3,-29.30000000000001,Reflow Hold
128.0,130.0,159.6,-29.599999999999994,Reflow Hold
128.2,130.0,159.9,-29.900000000000006,Reflow Hold
128.5,130.0,159.3,-29.30000000000001,Reflow Hold
128.8,130.0,160.1,-30.099999999999994,Reflow Hold
129.0,130.0,159.9,-29.900000000000006,Reflow Hold
129.2,130.0,159.4,-29.400000000000006,Reflow Hold
129.5,130.0,160.4,-30.400000000000006,Reflow Hold
129.8,130.0,159.6,-29.599999999999994,Reflow Hold
130.0,130.0,159.2,-29.19999999999999,Reflow Hold
130.2,130.0,160.1,-30.099999999999994,Reflow Hold
130.5,130.0,159.6,-29.599999999999994,Reflow Hold
130.8,130.0,160.3,-30.30000000000001,Reflow Hold
131.0,130.0,160.3,-30.30000000000001,Reflow Hold
131.2,130.0,160.3,-30.30000000000001,Reflow Hold
131.5,130.0,160.2,-30.19999999999999,Reflow Hold
131.8,130.0,160.0,-30.0,Reflow Hold
132.0,130.0,159.7,-29.69999999999999,Reflow Hold
132.2,130.0,160.2,-30.19999999999999,Reflow Hold
132.5,130.0,159.9,-29.900000000000006,Reflow Hold
132.8,130.0,159.6,-29.599999999999994,Reflow Hold
133.0,130.0,159.4,-29.400000000000006,Reflow Hold
133.2,130.0,160.5,-30.5,Reflow Hold
133.5,130.0,159.9,-29.900000000000006,Reflow Hold
133.8,130.0,159.7,-29.69999999999999,Reflow Hold
134.0,130.0,160.2,-30.19999999999999,Reflow Hold
134.2,130.0,159.4,-29.400000000000006,Reflow Hold
134.5,130.0,160.0,-30.0,Reflow Hold
134.8,130.0,160.2,-30.19999999999999,Reflow Hold
135.0,130.0,159.7,-29.69999999999999,Reflow Hold
135.2,130.0,159.4,-29.400000000000006,Reflow Hold
135.5,130.0,160.2,-30.19999999999999,Reflow Hold
135.8,130.0,160.0,-30.0,Reflow Hold
136.0,130.0,159.2,-29.19999999999999,Reflow Hold
136.2,130.0,159.7,-29.69999999999999,Reflow Hold
136.5,130.0,159.9,-29.900000000000006,Reflow Hold
136.8,130.0,159.4,-29.400000000000006,Reflow Hold
137.0,130.0,159.7,-29.69999999999999,Reflow Hold
137.2,130.0,160.2,-30.19999999999999,Reflow Hold
137.5,130.0,159.0,-29.0,Reflow Hold
137.8,130.0,159.4,-29.400000000000006,Reflow Hold
138.0,130.0,159.4,-29.400000000000006,Reflow Hold
138.2,130.0,159.0,-29.0,Reflow Hold
138.5,130.0,159.6,-29.599999999999994,Reflow Hold
138.8,130.0,159.1,-29.099999999999994,Reflow Hold
139.0,130.0,159.6,-29.599999999999994,Reflow Hold
139.2,130.0,159.1,-29.099999999999994,Reflow Hold
139.5,130.0,159.3,-29.30000000000001,Reflow Hold
139.8,130.0,159.0,-29.0,Reflow Hold
140.0,130.0,159.1,-29.099999999999994,Reflow Hold
140.2,130.0,159.3,-29.30000000000001,Reflow Hold
140.5,130.0,159.3,-29.30000000000001,Reflow Hold
140.8,130.0,158.3,-28.30000000000001,Reflow Hold
141.0,130.0,158.2,-28.19999999999999,Reflow Hold
141.2,130.0,157.9,-27.900000000000006,Reflow Hold
141.5,130.0,158.1,-28.099999999999994,Reflow Hold
141.8,130.0,159.0,-29.0,Reflow Hold
142.0,130.0,157.7,-27.69999999999999,Reflow Hold
142.2,130.0,157.8,-27.80000000000001,Reflow Hold
142.5,130.0,158.2,-28.19999999999999,Reflow Hold
142.8,130.0,158.1,-28.099999999999994,Reflow Hold
143.0,130.0,158.1,-28.099999999999994,Reflow Hold
143.2,130.0,158.1,-28.099999999999994,Reflow Hold
143.5,130.0,158.2,-28.19999999999999,Reflow Hold
143.8,130.0,156.8,-26.80000000000001,Reflow Hold
144.0,130.0,157.2,-27.19999999999999,Reflow Hold
144.2,130.0,157.2,-27.19999999999999,Reflow Hold
144.5,130.0,157.0,-27.0,Reflow Hold
144.8,130.0,157.2,-27.19999999999999,Reflow Hold
145.0,130.0,157.0,-27.0,Reflow Hold
145.2,130.0,156.9,-26.900000000000006,Reflow Hold
145.5,130.0,156.8,-26.80000000000001,Reflow Hold
145.8,130.0,156.8,-26.80000000000001,Reflow Hold
146.0,130.0,156.1,-26.099999999999994,Reflow Hold
146.2,130.0,156.1,-26.099999999999994,Reflow Hold
146.5,130.0,155.6,-25.599999999999994,Reflow Hold
146.8,130.0,156.5,-26.5,Reflow Hold
147.0,130.0,156.6,-26.599999999999994,Reflow Hold
147.2,130.0,156.5,-26.5,Reflow Hold
147.5,130.0,156.3,-26.30000000000001,Cooling
147.8,130.0,155.0,-25.0,Cooling
148.0,130.0,155.7,-25.69999999999999,Cooling
148.2,130.0,156.0,-26.0,Cooling
148.5,130.0,155.5,-25.5,Cooling
148.8,130.0,154.6,-24.599999999999994,Cooling
149.0,130.0,154.3,-24.30000000000001,Cooling
149.2,130.0,154.6,-24.599999999999994,Cooling
149.5,130.0,155.2,-25.19999999999999,Cooling
149.8,130.0,154.2,-24.19999999999999,Cooling
150.0,130.0,154.6,-24.599999999999994,Cooling
150.2,130.0,155.0,-25.0,Cooling
150.5,130.0,155.0,-25.0,Cooling
150.8,130.0,154.2,-24.19999999999999,Cooling
151.0,130.0,155.0,-25.0,Cooling
151.2,130.0,154.1,-24.099999999999994,Cooling
151.5,130.0,154.1,-24.099999999999994,Cooling
151.8,130.0,153.3,-23.30000000000001,Cooling
152.0,130.0,154.2,-24.19999999999999,Cooling
152.2,130.0,154.1,-24.099999999999994,Cooling
152.5,130.0,154.8,-24.80000000000001,Cooling
152.8,130.0,153.2,-23.19999999999999,Cooling
153.0,130.0,152.7,-22.69999999999999,Cooling
153.2,130.0,152.8,-22.80000000000001,Cooling
153.5,130.0,152.9,-22.900000000000006,Cooling
153.8,130.0,152.9,-22.900000000000006,Cooling
154.0,130.0,152.9,-22.900000000000006,Cooling
154.2,130.0,152.0,-22.0,Cooling
154.5,130.0,152.8,-22.80000000000001,Cooling
154.8,130.0,151.8,-21.80000000000001,Cooling
155.0,130.0,152.6,-22.599999999999994,Cooling
155.2,130.0,152.7,-22.69999999999999,Cooling
155.5,130.0,153.5,-23.5,Cooling
155.8,130.0,152.3,-22.30000000000001,Cooling
156.0,130.0,151.9,-21.900000000000006,Cooling
156.2,130.0,153.0,-23.0,Cooling
156.5,130.0,151.3,-21.30000000000001,Cooling
156.8,130.0,152.9,-22.900000000000006,Cooling
157.0,130.0,150.7,-20.69999999999999,Cooling
157.2,130.0,151.5,-21.5,Cooling
157.5,130.0,151.7,-21.69999999999999,Cooling
157.8,130.0,152.0,-22.0,Cooling
158.0,130.0,150.7,-20.69999999999999,Cooling
158.2,130.0,150.9,-20.900000000000006,Cooling
158.5,130.0,150.7,-20.69999999999999,Cooling
158.8,130.0,150.1,-20.099999999999994,Cooling
159.0,130.0,151.6,-21.599999999999994,Cooling
159.2,130.0,149.3,-19.30000000000001,Cooling
159.5,130.0,150.2,-20.19999999999999,Cooling
159.8,130.0,149.1,-19.099999999999994,Cooling
160.0,130.0,149.9,-19.900000000000006,Cooling
160.2,130.0,149.8,-19.80000000000001,Cooling
160.5,130.0,148.5,-18.5,Cooling
160.8,130.0,148.3,-18.30000000000001,Cooling
161.0,130.0,148.6,-18.599999999999994,Cooling
161.2,130.0,148.3,-18.30000000000001,Cooling
161.5,130.0,148.3,-18.30000000000001,Cooling
161.8,130.0,148.2,-18.19999999999999,Cooling
162.0,130.0,147.5,-17.5,Cooling
162.2,130.0,147.4,-17.400000000000006,Cooling
162.5,130.0,147.8,-17.80000000000001,Cooling
162.8,130.0,147.0,-17.0,Cooling
163.0,130.0,145.8,-15.800000000000011,Cooling
163.2,130.0,145.2,-15.199999999999989,Cooling
163.5,130.0,144.8,-14.800000000000011,Cooling
163.8,130.0,145.2,-15.199999999999989,Cooling
164.0,130.0,144.2,-14.199999999999989,Cooling
164.2,130.0,143.8,-13.800000000000011,Cooling
164.5,130.0,144.2,-14.199999999999989,Cooling
164.8,130.0,143.0,-13.0,Cooling
165.0,130.0,142.9,-12.900000000000006,Cooling
165.2,130.0,142.5,-12.5,Cooling
165.5,130.0,142.6,-12.599999999999994,Cooling
165.8,130.0,142.5,-12.5,Cooling
166.0,130.0,142.6,-12.599999999999994,Cooling
166.2,130.0,141.7,-11.699999999999989,Cooling
166.5,130.0,142.5,-12.5,Cooling
166.8,130.0,142.0,-12.0,Cooling
167.0,130.0,142.0,-12.0,Cooling
167.2,130.0,142.4,-12.400000000000006,Cooling
167.5,130.0,141.7,-11.699999999999989,Cooling
167.8,130.0,143.0,-13.0,Cooling
168.0,130.0,141.0,-11.0,Cooling
168.2,130.0,142.1,-12.099999999999994,Cooling
168.5,130.0,141.0,-11.0,Cooling
168.8,130.0,141.5,-11.5,Cooling
169.0,130.0,140.6,-10.599999999999994,Cooling
169.2,130.0,141.5,-11.5,Cooling
169.5,130.0,141.1,-11.099999999999994,Cooling
169.8,130.0,142.7,-12.699999999999989,Cooling
170.0,130.0,142.2,-12.199999999999989,Cooling
170.2,130.0,142.6,-12.599999999999994,Cooling
170.5,130.0,140.8,-10.800000000000011,Cooling
170.8,130.0,141.0,-11.0,Cooling
171.0,130.0,142.6,-12.599999999999994,Cooling
171.2,130.0,141.3,-11.300000000000011,Cooling
171.5,130.0,140.4,-10.400000000000006,Cooling
171.8,130.0,142.6,-12.599999999999994,Cooling
172.0,130.0,140.6,-10.599999999999994,Cooling
172.2,130.0,140.6,-10.599999999999994,Cooling
172.5,130.0,141.1,-11.099999999999994,Cooling
172.8,130.0,140.4,-10.400000000000006,Cooling
173.0,130.0,140.6,-10.599999999999994,Cooling
173.2,130.0,141.0,-11.0,Cooling
173.5,130.0,141.8,-11.800000000000011,Cooling
173.8,130.0,141.2,-11.199999999999989,Cooling
174.0,130.0,141.0,-11.0,Cooling
174.2,130.0,141.5,-11.5,Cooling
174.5,130.0,141.1,-11.099999999999994,Cooling
174.8,130.0,143.0,-13.0,Cooling
175.0,130.0,140.3,-10.300000000000011,Cooling
175.2,130.0,141.9,-11.900000000000006,Cooling
175.5,130.0,142.5,-12.5,Cooling
175.8,130.0,142.6,-12.599999999999994,Cooling
176.0,130.0,142.5,-12.5,Cooling
176.2,130.0,142.1,-12.099999999999994,Cooling
176.5,130.0,142.4,-12.400000000000006,Cooling
176.8,130.0,142.9,-12.900000000000006,Cooling
177.0,130.0,142.5,-12.5,Cooling
177.2,130.0,142.8,-12.800000000000011,Cooling
177.5,130.0,142.5,-12.5,Cooling
177.8,130.0,136.6,-6.599999999999994,Cooling
178.0,130.0,143.3,-13.300000000000011,Cooling
178.2,130.0,143.3,-13.300000000000011,Cooling
178.5,130.0,142.6,-12.599999999999994,Cooling
178.8,130.0,142.9,-12.900000000000006,Cooling
179.0,130.0,143.3,-13.300000000000011,Cooling
179.2,130.0,143.7,-13.699999999999989,Cooling
179.5,130.0,145.0,-15.0,Cooling
179.8,130.0,143.3,-13.300000000000011,Cooling
180.0,130.0,143.4,-13.400000000000006,Cooling
180.2,130.0,143.7,-13.699999999999989,Cooling
180.5,130.0,143.5,-13.5,Cooling
180.8,130.0,144.6,-14.599999999999994,Cooling
181.0,130.0,144.2,-14.199999999999989,Cooling
181.2,130.0,144.9,-14.900000000000006,Cooling
181.5,130.0,144.6,-14.599999999999994,Cooling
181.8,130.0,144.4,-14.400000000000006,Cooling
182.0,130.0,144.7,-14.699999999999989,Cooling
182.2,130.0,146.3,-16.30000000000001,Cooling
182.5,130.0,145.6,-15.599999999999994,Cooling
182.8,130.0,146.0,-16.0,Cooling
183.0,130.0,146.0,-16.0,Cooling
183.2,130.0,145.8,-15.800000000000011,Cooling
183.5,130.0,145.6,-15.599999999999994,Cooling
183.8,130.0,146.9,-16.900000000000006,Cooling
184.0,130.0,146.0,-16.0,Cooling
184.2,130.0,146.4,-16.400000000000006,Cooling
184.5,130.0,146.5,-16.5,Cooling
184.8,130.0,147.4,-17.400000000000006,Cooling
185.0,130.0,148.4,-18.400000000000006,Cooling
185.2,130.0,147.2,-17.19999999999999,Cooling
185.5,130.0,149.3,-19.30000000000001,Cooling
185.8,130.0,147.8,-17.80000000000001,Cooling
186.0,130.0,148.1,-18.099999999999994,Cooling
186.2,130.0,148.8,-18.80000000000001,Cooling
186.5,130.0,148.3,-18.30000000000001,Cooling
186.8,130.0,149.2,-19.19999999999999,Cooling
187.0,130.0,148.9,-18.900000000000006,Cooling
187.2,130.0,148.8,-18.80000000000001,Cooling
187.5,130.0,149.3,-19.30000000000001,Cooling
187.8,130.0,148.9,-18.900000000000006,Cooling
188.0,130.0,150.3,-20.30000000000001,Cooling
188.2,130.0,150.5,-20.5,Cooling
188.5,130.0,149.5,-19.5,Cooling
188.8,130.0,150.1,-20.099999999999994,Cooling
189.0,130.0,150.6,-20.599999999999994,Cooling
189.2,130.0,151.1,-21.099999999999994,Cooling
189.5,130.0,152.8,-22.80000000000001,Cooling
189.8,130.0,151.6,-21.599999999999994,Cooling
190.0,130.0,151.6,-21.599999999999994,Cooling
190.2,130.0,151.3,-21.30000000000001,Cooling
190.5,130.0,150.7,-20.69999999999999,Cooling
190.8,130.0,152.2,-22.19999999999999,Cooling
191.0,130.0,152.0,-22.0,Cooling
191.2,130.0,151.6,-21.599999999999994,Cooling
191.5,130.0,151.6,-21.599999999999994,Cooling
191.8,130.0,152.0,-22.0,Cooling
192.0,130.0,153.1,-23.099999999999994,Cooling
192.2,130.0,153.4,-23.400000000000006,Cooling
192.5,130.0,152.7,-22.69999999999999,Cooling
192.8,130.0,153.7,-23.69999999999999,Cooling
193.0,130.0,153.1,-23.099999999999994,Cooling
193.2,130.0,153.8,-23.80000000000001,Cooling
193.5,130.0,153.7,-23.69999999999999,Cooling
193.8,130.0,153.9,-23.900000000000006,Cooling
194.0,130.0,154.8,-24.80000000000001,Cooling
194.2,130.0,154.5,-24.5,Cooling
194.5,130.0,155.5,-25.5,Cooling
194.8,130.0,155.2,-25.19999999999999,Cooling
195.0,130.0,155.5,-25.5,Cooling
195.2,130.0,155.7,-25.69999999999999,Cooling
195.5,130.0,156.6,-26.599999999999994,Cooling
195.8,130.0,156.8,-26.80000000000001,Cooling
196.0,130.0,156.1,-26.099999999999994,Cooling
196.2,130.0,156.9,-26.900000000000006,Cooling
196.5,130.0,156.8,-26.80000000000001,Cooling
196.8,130.0,157.4,-27.400000000000006,Cooling
197.0,130.0,157.7,-27.69999999999999,Cooling
197.2,130.0,159.6,-29.599999999999994,Cooling
197.5,130.0,158.4,-28.400000000000006,Cooling
197.8,130.0,158.6,-28.599999999999994,Cooling
198.0,130.0,159.0,-29.0,Cooling
198.2,130.0,159.4,-29.400000000000006,Cooling
198.5,130.0,159.9,-29.900000000000006,Cooling
198.8,130.0,159.1,-29.099999999999994,Cooling
199.0,130.0,160.3,-30.30000000000001,Cooling
199.2,130.0,160.8,-30.80000000000001,Cooling
199.5,130.0,160.5,-30.5,Cooling
199.8,130.0,159.9,-29.900000000000006,Cooling
200.0,130.0,162.3,-32.30000000000001,Cooling
200.2,130.0,160.8,-30.80000000000001,Cooling
200.5,130.0,161.8,-31.80000000000001,Cooling
200.8,130.0,161.2,-31.19999999999999,Cooling
201.0,130.0,162.3,-32.30000000000001,Cooling
201.2,130.0,162.2,-32.19999999999999,Cooling
201.5,130.0,162.8,-32.80000000000001,Cooling
201.8,130.0,162.7,-32.69999999999999,Cooling
202.0,130.0,163.5,-33.5,Cooling
202.2,130.0,163.3,-33.30000000000001,Cooling
202.5,130.0,163.7,-33.69999999999999,Cooling
202.8,130.0,164.4,-34.400000000000006,Cooling
203.0,130.0,164.2,-34.19999999999999,Cooling
203.2,130.0,164.0,-34.0,Cooling
203.5,130.0,164.8,-34.80000000000001,Cooling
203.8,130.0,165.0,-35.0,Cooling
204.0,130.0,165.7,-35.69999999999999,Cooling
204.2,130.0,165.8,-35.80000000000001,Cooling
204.5,130.0,165.5,-35.5,Cooling
204.8,130.0,165.9,-35.900000000000006,Cooling
205.0,130.0,166.3,-36.30000000000001,Cooling
205.2,130.0,165.8,-35.80000000000001,Cooling
205.5,130.0,166.2,-36.19999999999999,Cooling
205.8,130.0,166.3,-36.30000000000001,Cooling
206.0,130.0,166.6,-36.599999999999994,Cooling
206.2,130.0,166.9,-36.900000000000006,Cooling
206.5,130.0,167.2,-37.19999999999999,Cooling
206.8,130.0,167.8,-37.80000000000001,Cooling
207.0,130.0,168.1,-38.099999999999994,Cooling
207.2,130.0,167.7,-37.69999999999999,Cooling
207.5,130.0,169.0,-39.0,Cooling
207.8,130.0,168.7,-38.69999999999999,Cooling
208.0,130.0,168.4,-38.400000000000006,Cooling
208.2,130.0,168.6,-38.599999999999994,Cooling
208.5,130.0,168.9,-38.900000000000006,Cooling
208.8,130.0,169.4,-39.400000000000006,Cooling
209.0,130.0,169.1,-39.099999999999994,Cooling
209.2,130.0,168.9,-38.900000000000006,Cooling
209.5,130.0,168.9,-38.900000000000006,Cooling
209.8,130.0,168.9,-38.900000000000006,Cooling
210.0,130.0,169.0,-39.0,Cooling
210.2,130.0,169.1,-39.099999999999994,Cooling
210.5,130.0,170.3,-40.30000000000001,Cooling
210.8,130.0,170.5,-40.5,Cooling
211.0,130.0,169.9,-39.900000000000006,Cooling
211.2,130.0,170.3,-40.30000000000001,Cooling
211.5,130.0,170.4,-40.400000000000006,Cooling
211.8,130.0,171.8,-41.80000000000001,Cooling
212.0,130.0,172.0,-42.0,Cooling
212.2,130.0,171.9,-41.900000000000006,Cooling
212.5,130.0,171.7,-41.69999999999999,Cooling
212.8,130.0,173.2,-43.19999999999999,Cooling
213.0,130.0,173.1,-43.099999999999994,Cooling
213.2,130.0,172.9,-42.900000000000006,Cooling
213.5,130.0,173.8,-43.80000000000001,Cooling
213.8,130.0,173.8,-43.80000000000001,Cooling
214.0,130.0,174.6,-44.599999999999994,Cooling
214.2,130.0,175.0,-45.0,Cooling
214.5,130.0,175.5,-45.5,Cooling
214.8,130.0,175.5,-45.5,Cooling
215.0,130.0,175.8,-45.80000000000001,Cooling
215.2,130.0,176.4,-46.400000000000006,Cooling
215.5,130.0,176.5,-46.5,Cooling
215.8,130.0,176.6,-46.599999999999994,Cooling
216.0,130.0,176.0,-46.0,Cooling
216.2,130.0,176.1,-46.099999999999994,Cooling
216.5,130.0,176.5,-46.5,Cooling
216.8,130.0,176.6,-46.599999999999994,Cooling
217.0,130.0,177.2,-47.19999999999999,Cooling
217.2,130.0,177.6,-47.599999999999994,Cooling
217.5,130.0,178.5,-48.5,Cooling
217.8,130.0,177.7,-47.69999999999999,Cooling
218.0,130.0,178.6,-48.599999999999994,Cooling
218.2,130.0,178.4,-48.400000000000006,Cooling
218.5,130.0,179.0,-49.0,Cooling
218.8,130.0,180.1,-50.099999999999994,Cooling
219.0,130.0,179.3,-49.30000000000001,Cooling
219.2,130.0,179.8,-49.80000000000001,Cooling
219.5,130.0,180.3,-50.30000000000001,Cooling
219.8,130.0,180.2,-50.19999999999999,Cooling
220.0,130.0,181.1,-51.099999999999994,Cooling
220.2,130.0,180.7,-50.69999999999999,Cooling
220.5,130.0,181.6,-51.599999999999994,Cooling
220.8,130.0,181.6,-51.599999999999994,Cooling
221.0,130.0,182.2,-52.19999999999999,Cooling
221.2,130.0,181.2,-51.19999999999999,Cooling
221.5,130.0,181.6,-51.599999999999994,Cooling
221.8,130.0,182.9,-52.900000000000006,Cooling
222.0,130.0,182.6,-52.599999999999994,Cooling
222.2,130.0,182.5,-52.5,Cooling
222.5,130.0,182.5,-52.5,Cooling
222.8,130.0,182.5,-52.5,Cooling
223.0,130.0,183.4,-53.400000000000006,Cooling
223.2,130.0,183.8,-53.80000000000001,Cooling
223.5,130.0,183.8,-53.80000000000001,Cooling
223.8,130.0,183.9,-53.900000000000006,Cooling
224.0,130.0,184.6,-54.599999999999994,Cooling
224.2,130.0,184.3,-54.30000000000001,Cooling
224.5,130.0,184.2,-54.19999999999999,Cooling
224.8,130.0,184.3,-54.30000000000001,Cooling
225.0,130.0,184.4,-54.400000000000006,Cooling
225.2,130.0,185.2,-55.19999999999999,Cooling
225.5,130.0,185.6,-55.599999999999994,Cooling
225.8,130.0,185.8,-55.80000000000001,Cooling
226.0,130.0,185.2,-55.19999999999999,Cooling
226.2,130.0,185.2,-55.19999999999999,Cooling
226.5,130.0,184.8,-54.80000000000001,Cooling
226.8,130.0,184.4,-54.400000000000006,Cooling
227.0,130.0,184.5,-54.5,Cooling
227.2,130.0,185.6,-55.599999999999994,Cooling
227.5,130.0,186.0,-56.0,Cooling
227.8,130.0,185.2,-55.19999999999999,Cooling
228.0,130.0,186.5,-56.5,Cooling
228.2,130.0,185.4,-55.400000000000006,Cooling
228.5,130.0,186.0,-56.0,Cooling
228.8,130.0,186.6,-56.599999999999994,Cooling
229.0,130.0,186.1,-56.099999999999994,Cooling
229.2,130.0,187.0,-57.0,Cooling
229.5,130.0,186.6,-56.599999999999994,Cooling
229.8,130.0,186.5,-56.5,Cooling
230.0,130.0,187.1,-57.099999999999994,Cooling
230.2,130.0,187.7,-57.69999999999999,Cooling
230.5,130.0,186.8,-56.80000000000001,Cooling
230.8,130.0,187.6,-57.599999999999994,Cooling
231.0,130.0,187.9,-57.900000000000006,Cooling
231.2,130.0,187.9,-57.900000000000006,Cooling
231.5,130.0,187.5,-57.5,Cooling
231.8,130.0,188.4,-58.400000000000006,Cooling
232.0,130.0,188.5,-58.5,Cooling
232.2,130.0,188.9,-58.900000000000006,Cooling
232.5,130.0,187.9,-57.900000000000006,Cooling
232.8,130.0,189.0,-59.0,Cooling
233.0,130.0,188.3,-58.30000000000001,Cooling
233.2,130.0,188.1,-58.099999999999994,Cooling
233.5,130.0,189.0,-59.0,Cooling
233.8,130.0,188.0,-58.0,Cooling
234.0,130.0,189.3,-59.30000000000001,Cooling
234.2,130.0,188.8,-58.80000000000001,Cooling
234.5,130.0,189.9,-59.900000000000006,Cooling
234.8,130.0,188.0,-58.0,Cooling
235.0,130.0,190.7,-60.69999999999999,Cooling
235.2,130.0,189.8,-59.80000000000001,Cooling
235.5,130.0,190.3,-60.30000000000001,Cooling
235.8,130.0,190.7,-60.69999999999999,Cooling
236.0,130.0,190.7,-60.69999999999999,Cooling
236.2,130.0,190.9,-60.900000000000006,Cooling
236.5,130.0,192.0,-62.0,Cooling
236.8,130.0,191.4,-61.400000000000006,Cooling
237.0,130.0,192.8,-62.80000000000001,Cooling
237.2,130.0,192.5,-62.5,Cooling
237.5,130.0,192.8,-62.80000000000001,Cooling
237.8,130.0,192.5,-62.5,Cooling
238.0,130.0,192.9,-62.900000000000006,Cooling
238.2,130.0,192.9,-62.900000000000006,Cooling
238.5,130.0,193.2,-63.19999999999999,Cooling
238.8,130.0,194.3,-64.30000000000001,Cooling
239.0,130.0,193.8,-63.80000000000001,Cooling
239.2,130.0,194.2,-64.19999999999999,Cooling
239.5,130.0,194.6,-64.6,Cooling
239.8,130.0,195.4,-65.4,Cooling
240.0,130.0,195.6,-65.6,Cooling
240.2,130.0,195.6,-65.6,Cooling
240.5,130.0,196.4,-66.4,Cooling
240.8,130.0,196.4,-66.4,Cooling
241.0,130.0,196.5,-66.5,Cooling
241.2,130.0,196.5,-66.5,Cooling
241.5,130.0,196.8,-66.80000000000001,Cooling
241.8,130.0,196.6,-66.6,Cooling
242.0,130.0,196.5,-66.5,Cooling
242.2,130.0,197.7,-67.69999999999999,Cooling
242.5,130.0,197.8,-67.80000000000001,Cooling
242.8,130.0,196.9,-66.9,Cooling
243.0,130.0,198.4,-68.4,Cooling
243.2,130.0,197.7,-67.69999999999999,Cooling
243.5,130.0,198.6,-68.6,Cooling
243.8,130.0,198.3,-68.30000000000001,Cooling
244.0,130.0,198.0,-68.0,Cooling
244.2,130.0,198.2,-68.19999999999999,Cooling
244.5,130.0,197.9,-67.9,Cooling
244.8,130.0,198.9,-68.9,Cooling
245.0,130.0,198.0,-68.0,Cooling
245.2,130.0,198.6,-68.6,Cooling
245.5,130.0,199.0,-69.0,Cooling
245.8,130.0,198.4,-68.4,Cooling
246.0,130.0,198.1,-68.1,Cooling
246.2,130.0,199.6,-69.6,Cooling
246.5,130.0,200.1,-70.1,Cooling
246.8,130.0,199.8,-69.80000000000001,Cooling
247.0,130.0,199.8,-69.80000000000001,Cooling
247.2,130.0,201.1,-71.1,Cooling
247.5,130.0,201.4,-71.4,Cooling
247.8,130.0,200.9,-70.9,Cooling
248.0,130.0,201.8,-71.80000000000001,Cooling
248.2,130.0,200.6,-70.6,Cooling
248.5,130.0,201.4,-71.4,Cooling
248.8,130.0,201.0,-71.0,Cooling
249.0,130.0,200.3,-70.30000000000001,Cooling
249.2,130.0,201.5,-71.5,Cooling
249.5,130.0,201.7,-71.69999999999999,Cooling
249.8,130.0,201.8,-71.80000000000001,Cooling
250.0,130.0,201.7,-71.69999999999999,Cooling
250.2,130.0,202.4,-72.4,Cooling
250.5,130.0,202.5,-72.5,Cooling
250.8,130.0,202.8,-72.80000000000001,Cooling
251.0,130.0,203.3,-73.30000000000001,Cooling
251.2,130.0,203.9,-73.9,Cooling
251.5,130.0,203.6,-73.6,Cooling
251.8,130.0,203.3,-73.30000000000001,Cooling
252.0,130.0,203.5,-73.5,Cooling
252.2,130.0,204.5,-74.5,Cooling
252.5,130.0,204.4,-74.4,Cooling
252.8,130.0,204.5,-74.5,Cooling
253.0,130.0,205.4,-75.4,Cooling
253.2,130.0,205.4,-75.4,Cooling
253.5,130.0,205.6,-75.6,Cooling
253.8,130.0,205.9,-75.9,Cooling
254.0,130.0,205.3,-75.30000000000001,Cooling
254.2,130.0,205.5,-75.5,Cooling
254.5,130.0,205.6,-75.6,Cooling
254.8,130.0,206.5,-76.5,Cooling
255.0,130.0,206.0,-76.0,Cooling
255.2,130.0,205.9,-75.9,Cooling
255.5,130.0,207.2,-77.19999999999999,Cooling
255.8,130.0,207.6,-77.6,Cooling
256.0,130.0,206.8,-76.80000000000001,Cooling
256.2,130.0,207.2,-77.19999999999999,Cooling
256.5,130.0,207.3,-77.30000000000001,Cooling
256.8,130.0,208.6,-78.6,Cooling
257.0,130.0,208.9,-78.9,Cooling
257.2,130.0,208.9,-78.9,Cooling
257.5,130.0,208.3,-78.30000000000001,Cooling
257.8,130.0,209.5,-79.5,Cooling
258.0,130.0,209.2,-79.19999999999999,Cooling
258.2,130.0,209.8,-79.80000000000001,Cooling
258.5,130.0,210.4,-80.4,Cooling
258.8,130.0,211.2,-81.19999999999999,Cooling
259.0,130.0,210.7,-80.69999999999999,Cooling
259.2,130.0,211.6,-81.6,Cooling
259.5,130.0,211.6,-81.6,Cooling
259.8,130.0,211.2,-81.19999999999999,Cooling
260.0,130.0,211.7,-81.69999999999999,Cooling
260.2,130.0,212.2,-82.19999999999999,Cooling
260.5,130.0,212.4,-82.4,Cooling
260.8,130.0,212.5,-82.5,Cooling
261.0,130.0,212.0,-82.0,Cooling
261.2,130.0,212.6,-82.6,Cooling
261.5,130.0,212.4,-82.4,Cooling
261.8,130.0,211.9,-81.9,Cooling
262.0,130.0,212.2,-82.19999999999999,Cooling
262.2,130.0,213.1,-83.1,Cooling
262.5,130.0,213.3,-83.30000000000001,Cooling
262.8,130.0,213.1,-83.1,Cooling
263.0,130.0,213.1,-83.1,Cooling
263.2,130.0,212.9,-82.9,Cooling
263.5,130.0,213.1,-83.1,Cooling
263.8,130.0,213.2,-83.19999999999999,Cooling
264.0,130.0,212.9,-82.9,Cooling
264.2,130.0,213.0,-83.0,Cooling
264.5,130.0,213.4,-83.4,Cooling
264.8,130.0,214.2,-84.19999999999999,Cooling
265.0,130.0,213.0,-83.0,Cooling
265.2,130.0,213.9,-83.9,Cooling
265.5,130.0,213.4,-83.4,Cooling
265.8,130.0,213.8,-83.80000000000001,Cooling
266.0,130.0,214.1,-84.1,Cooling
266.2,130.0,213.8,-83.80000000000001,Cooling
266.5,130.0,213.8,-83.80000000000001,Cooling
266.8,130.0,213.6,-83.6,Cooling
267.0,130.0,215.2,-85.19999999999999,Cooling
267.2,130.0,214.2,-84.19999999999999,Cooling
267.5,130.0,215.3,-85.30000000000001,Cooling
267.8,130.0,215.2,-85.19999999999999,Cooling
268.0,130.0,214.4,-84.4,Cooling
268.2,130.0,215.3,-85.30000000000001,Cooling
268.5,130.0,215.6,-85.6,Cooling
268.8,130.0,215.6,-85.6,Cooling
269.0,130.0,215.7,-85.69999999999999,Cooling
269.2,130.0,215.9,-85.9,Cooling
269.5,130.0,215.1,-85.1,Cooling
269.8,130.0,215.9,-85.9,Cooling
270.0,130.0,215.5,-85.5,Cooling
270.2,130.0,215.3,-85.30000000000001,Cooling
270.5,130.0,216.4,-86.4,Cooling
270.8,130.0,215.3,-85.30000000000001,Cooling
271.0,130.0,215.7,-85.69999999999999,Cooling
271.2,130.0,216.5,-86.5,Cooling
271.5,130.0,216.3,-86.30000000000001,Cooling
271.8,130.0,215.3,-85.30000000000001,Cooling
272.0,130.0,215.6,-85.6,Cooling
272.2,130.0,215.9,-85.9,Cooling
272.5,130.0,215.6,-85.6,Cooling
272.8,130.0,216.5,-86.5,Cooling
273.0,130.0,216.6,-86.6,Cooling
273.2,130.0,216.4,-86.4,Cooling
273.5,130.0,217.1,-87.1,Cooling
273.8,130.0,216.5,-86.5,Cooling
274.0,130.0,217.2,-87.19999999999999,Cooling
274.2,130.0,217.1,-87.1,Cooling
274.5,130.0,218.0,-88.0,Cooling
274.8,130.0,217.7,-87.69999999999999,Cooling
275.0,130.0,217.9,-87.9,Cooling
275.2,130.0,217.4,-87.4,Cooling
275.5,130.0,217.9,-87.9,Cooling
275.8,130.0,217.9,-87.9,Cooling
276.0,130.0,217.3,-87.30000000000001,Cooling
276.2,130.0,217.6,-87.6,Cooling
276.5,130.0,217.7,-87.69999999999999,Cooling
276.8,130.0,218.5,-88.5,Cooling
277.0,130.0,218.1,-88.1,Cooling
277.2,130.0,218.9,-88.9,Cooling
277.5,130.0,218.1,-88.1,Cooling
277.8,130.0,218.3,-88.30000000000001,Cooling
278.0,130.0,219.4,-89.4,Cooling
278.2,130.0,218.9,-88.9,Cooling
278.5,130.0,218.4,-88.4,Cooling
278.8,130.0,219.2,-89.19999999999999,Cooling
279.0,130.0,218.1,-88.1,Cooling
279.2,130.0,219.2,-89.19999999999999,Cooling
279.5,130.0,218.4,-88.4,Cooling
279.8,130.0,218.8,-88.80000000000001,Cooling
280.0,130.0,218.6,-88.6,Cooling
280.2,130.0,218.9,-88.9,Cooling
280.5,130.0,219.3,-89.30000000000001,Cooling
280.8,130.0,219.0,-89.0,Cooling
281.0,130.0,218.8,-88.80000000000001,Cooling
281.2,130.0,219.4,-89.4,Cooling
281.5,130.0,219.3,-89.30000000000001,Cooling
281.8,130.0,219.9,-89.9,Cooling
282.0,130.0,219.4,-89.4,Cooling
282.2,130.0,220.3,-90.30000000000001,Cooling
282.5,130.0,219.7,-89.69999999999999,Cooling
282.8,130.0,219.8,-89.80000000000001,Cooling
283.0,130.0,220.6,-90.6,Cooling
283.2,130.0,220.6,-90.6,Cooling
283.5,130.0,220.7,-90.69999999999999,Cooling
283.8,130.0,220.6,-90.6,Cooling
284.0,130.0,220.4,-90.4,Cooling
284.2,130.0,220.6,-90.6,Cooling
284.5,130.0,221.3,-91.30000000000001,Cooling
284.8,130.0,221.2,-91.19999999999999,Cooling
285.0,130.0,222.0,-92.0,Cooling
285.2,130.0,222.1,-92.1,Cooling
285.5,130.0,221.6,-91.6,Cooling
285.8,130.0,222.6,-92.6,Cooling
286.0,130.0,222.9,-92.9,Cooling
286.2,130.0,222.4,-92.4,Cooling
286.5,130.0,222.9,-92.9,Cooling
286.8,130.0,222.5,-92.5,Cooling
287.0,130.0,222.6,-92.6,Cooling
287.2,130.0,222.9,-92.9,Cooling
287.5,130.0,223.3,-93.30000000000001,Cooling
287.8,130.0,224.2,-94.19999999999999,Cooling
288.0,130.0,224.2,-94.19999999999999,Cooling
288.2,130.0,223.6,-93.6,Cooling
288.5,130.0,224.4,-94.4,Cooling
288.8,130.0,224.8,-94.80000000000001,Cooling
289.0,130.0,224.2,-94.19999999999999,Cooling
289.2,130.0,224.5,-94.5,Cooling
289.5,130.0,225.1,-95.1,Cooling
289.8,130.0,225.4,-95.4,Cooling
290.0,130.0,224.9,-94.9,Cooling
290.2,130.0,226.0,-96.0,Cooling
290.5,130.0,225.5,-95.5,Cooling
290.8,130.0,226.0,-96.0,Cooling
291.0,130.0,224.6,-94.6,Cooling
291.2,130.0,225.4,-95.4,Cooling
291.5,130.0,226.0,-96.0,Cooling
291.8,130.0,225.0,-95.0,Cooling
292.0,130.0,226.4,-96.4,Cooling
292.2,130.0,226.5,-96.5,Cooling
292.5,130.0,225.1,-95.1,Cooling
292.8,130.0,226.7,-96.69999999999999,Cooling
293.0,130.0,226.4,-96.4,Cooling
293.2,130.0,225.9,-95.9,Cooling
293.5,130.0,227.4,-97.4,Cooling
293.8,130.0,227.6,-97.6,Cooling
294.0,130.0,227.2,-97.19999999999999,Cooling
294.2,130.0,227.8,-97.80000000000001,Cooling
294.5,130.0,227.4,-97.4,Cooling
294.8,130.0,228.0,-98.0,Cooling
295.0,130.0,228.3,-98.30000000000001,Cooling
295.2,130.0,227.6,-97.6,Cooling
295.5,130.0,228.3,-98.30000000000001,Cooling
295.8,130.0,227.7,-97.69999999999999,Cooling
296.0,130.0,227.8,-97.80000000000001,Cooling
296.2,130.0,228.0,-98.0,Cooling
296.5,130.0,227.6,-97.6,Cooling
296.8,130.0,227.7,-97.69999999999999,Cooling
297.0,130.0,227.7,-97.69999999999999,Cooling
297.2,130.0,228.0,-98.0,Cooling
297.5,130.0,227.4,-97.4,Cooling
297.8,130.0,228.1,-98.1,Cooling
298.0,130.0,228.4,-98.4,Cooling
298.2,130.0,228.7,-98.69999999999999,Cooling
298.5,130.0,228.9,-98.9,Cooling
298.8,130.0,227.0,-97.0,Cooling
299.0,130.0,229.1,-99.1,Cooling
299.2,130.0,228.2,-98.19999999999999,Cooling
299.5,130.0,229.0,-99.0,Cooling
299.8,130.0,228.3,-98.30000000000001,Cooling
300.0,130.0,229.3,-99.30000000000001,Cooling
300.2,130.0,228.8,-98.80000000000001,Cooling
300.5,130.0,228.9,-98.9,Cooling
300.8,130.0,228.7,-98.69999999999999,Cooling
301.0,130.0,228.6,-98.6,Cooling
301.2,130.0,229.5,-99.5,Cooling
301.5,130.0,231.1,-101.1,Cooling
301.8,130.0,230.6,-100.6,Cooling
302.0,130.0,231.2,-101.19999999999999,Cooling
302.2,130.0,231.5,-101.5,Cooling
302.5,130.0,231.6,-101.6,Cooling
302.8,130.0,231.5,-101.5,Cooling
303.0,130.0,231.5,-101.5,Cooling
303.2,130.0,232.0,-102.0,Cooling
303.5,130.0,231.9,-101.9,Cooling
303.8,130.0,231.5,-101.5,Cooling
304.0,130.0,231.9,-101.9,Cooling
304.2,130.0,232.9,-102.9,Cooling
304.5,130.0,231.8,-101.80000000000001,Cooling
304.8,130.0,233.0,-103.0,Cooling
305.0,130.0,233.0,-103.0,Cooling
305.2,130.0,232.8,-102.80000000000001,Cooling
305.5,130.0,232.4,-102.4,Cooling
305.8,130.0,232.7,-102.69999999999999,Cooling
306.0,130.0,232.5,-102.5,Cooling
306.2,130.0,232.7,-102.69999999999999,Cooling
306.5,130.0,232.5,-102.5,Cooling
306.8,130.0,233.7,-103.69999999999999,Cooling
307.0,130.0,233.6,-103.6,Cooling
307.2,130.0,232.8,-102.80000000000001,Cooling
307.5,130.0,234.1,-104.1,Cooling
307.8,130.0,233.8,-103.80000000000001,Cooling
308.0,130.0,232.9,-102.9,Cooling
308.2,130.0,232.9,-102.9,Cooling
308.5,130.0,233.4,-103.4,Cooling
308.8,130.0,233.2,-103.19999999999999,Cooling
309.0,130.0,233.3,-103.30000000000001,Cooling
309.2,130.0,233.8,-103.80000000000001,Cooling
309.5,130.0,232.9,-102.9,Cooling
309.8,130.0,233.8,-103.80000000000001,Cooling
310.0,130.0,232.9,-102.9,Cooling
310.2,130.0,233.7,-103.69999999999999,Cooling
310.5,130.0,233.6,-103.6,Cooling
310.8,130.0,232.5,-102.5,Cooling
311.0,130.0,232.5,-102.5,Cooling
311.2,130.0,232.0,-102.0,Cooling
311.5,130.0,232.5,-102.5,Cooling
311.8,130.0,231.6,-101.6,Cooling
312.0,130.0,232.1,-102.1,Cooling
312.2,130.0,231.6,-101.6,Cooling
312.5,130.0,231.4,-101.4,Cooling
312.8,130.0,231.6,-101.6,Cooling
313.0,130.0,232.0,-102.0,Cooling
313.2,130.0,231.9,-101.9,Cooling
313.5,130.0,231.1,-101.1,Cooling
313.8,130.0,231.5,-101.5,Cooling
314.0,130.0,232.4,-102.4,Cooling
314.2,130.0,231.6,-101.6,Cooling
314.5,130.0,232.3,-102.30000000000001,Cooling
314.8,130.0,231.6,-101.6,Cooling
315.0,130.0,231.6,-101.6,Cooling
315.2,130.0,231.5,-101.5,Cooling
315.5,130.0,231.2,-101.19999999999999,Cooling
315.8,130.0,232.1,-102.1,Cooling
316.0,130.0,231.4,-101.4,Cooling
316.2,130.0,231.9,-101.9,Cooling
316.5,130.0,231.8,-101.80000000000001,Cooling
316.8,130.0,231.0,-101.0,Cooling
317.0,130.0,231.0,-101.0,Cooling
317.2,130.0,231.4,-101.4,Cooling
317.5,130.0,230.5,-100.5,Cooling
317.8,130.0,230.9,-100.9,Cooling
318.0,130.0,230.7,-100.69999999999999,Cooling
318.2,130.0,229.8,-99.80000000000001,Cooling
318.5,130.0,230.6,-100.6,Cooling
318.8,130.0,229.4,-99.4,Cooling
319.0,130.0,230.2,-100.19999999999999,Cooling
319.2,130.0,229.4,-99.4,Cooling
319.5,130.0,229.8,-99.80000000000001,Cooling
319.8,130.0,229.6,-99.6,Cooling
320.0,130.0,228.9,-98.9,Cooling
320.2,130.0,228.9,-98.9,Cooling
320.5,130.0,229.3,-99.30000000000001,Cooling
320.8,130.0,228.6,-98.6,Cooling
321.0,130.0,228.5,-98.5,Cooling
321.2,130.0,228.3,-98.30000000000001,Cooling
321.5,130.0,228.1,-98.1,Cooling
321.8,130.0,228.7,-98.69999999999999,Cooling
322.0,130.0,229.0,-99.0,Cooling
322.2,130.0,228.2,-98.19999999999999,Cooling
322.5,130.0,228.6,-98.6,Cooling
322.8,130.0,228.4,-98.4,Cooling
323.0,130.0,228.5,-98.5,Cooling
323.2,130.0,227.8,-97.80000000000001,Cooling
323.5,130.0,228.0,-98.0,Cooling
323.8,130.0,228.3,-98.30000000000001,Cooling
324.0,130.0,227.9,-97.9,Cooling
324.2,130.0,227.6,-97.6,Cooling
324.5,130.0,227.8,-97.80000000000001,Cooling
324.8,130.0,227.0,-97.0,Cooling
325.0,130.0,228.1,-98.1,Cooling
325.2,130.0,226.9,-96.9,Cooling
325.5,130.0,226.9,-96.9,Cooling
325.8,130.0,227.8,-97.80000000000001,Cooling
326.0,130.0,226.6,-96.6,Cooling
326.2,130.0,227.5,-97.5,Cooling
326.5,130.0,227.2,-97.19999999999999,Cooling
326.8,130.0,226.5,-96.5,Cooling
327.0,130.0,226.3,-96.30000000000001,Cooling
327.2,130.0,226.7,-96.69999999999999,Cooling
327.5,130.0,226.0,-96.0,Cooling
327.8,130.0,226.0,-96.0,Cooling
328.0,130.0,225.7,-95.69999999999999,Cooling
328.2,130.0,226.0,-96.0,Cooling
328.5,130.0,225.7,-95.69999999999999,Cooling
328.8,130.0,226.3,-96.30000000000001,Cooling
329.0,130.0,225.5,-95.5,Cooling
329.2,130.0,225.1,-95.1,Cooling
329.5,130.0,225.3,-95.30000000000001,Cooling
329.8,130.0,224.5,-94.5,Cooling
330.0,130.0,225.6,-95.6,Cooling
330.2,130.0,225.4,-95.4,Cooling
330.5,130.0,225.4,-95.4,Cooling
330.8,130.0,225.1,-95.1,Cooling
331.0,130.0,225.1,-95.1,Cooling
331.2,130.0,224.7,-94.69999999999999,Cooling
331.5,130.0,223.8,-93.80000000000001,Cooling
331.8,130.0,224.6,-94.6,Cooling
332.0,130.0,224.5,-94.5,Cooling
332.2,130.0,224.8,-94.80000000000001,Cooling
332.5,130.0,224.4,-94.4,Cooling
332.8,130.0,223.6,-93.6,Cooling
333.0,130.0,223.8,-93.80000000000001,Cooling
333.2,130.0,223.5,-93.5,Cooling
333.5,130.0,223.0,-93.0,Cooling
333.8,130.0,223.1,-93.1,Cooling
334.0,130.0,223.5,-93.5,Cooling
334.2,130.0,223.3,-93.30000000000001,Cooling
334.5,130.0,222.5,-92.5,Cooling
334.8,130.0,223.4,-93.4,Cooling
335.0,130.0,222.5,-92.5,Cooling
335.2,130.0,222.5,-92.5,Cooling
335.5,130.0,222.9,-92.9,Cooling
335.8,130.0,222.2,-92.19999999999999,Cooling
336.0,130.0,222.4,-92.4,Cooling
336.2,130.0,222.9,-92.9,Cooling
336.5,130.0,222.9,-92.9,Cooling
336.8,130.0,222.0,-92.0,Cooling
337.0,130.0,222.0,-92.0,Cooling
337.2,130.0,221.8,-91.80000000000001,Cooling
337.5,130.0,221.3,-91.30000000000001,Cooling
337.8,130.0,221.7,-91.69999999999999,Cooling
338.0,130.0,221.3,-91.30000000000001,Cooling
338.2,130.0,220.9,-90.9,Cooling
338.5,130.0,220.9,-90.9,Cooling
338.8,130.0,221.1,-91.1,Cooling
339.0,130.0,221.6,-91.6,Cooling
339.2,130.0,221.1,-91.1,Cooling
339.5,130.0,220.9,-90.9,Cooling
339.8,130.0,220.3,-90.30000000000001,Cooling
340.0,130.0,219.8,-89.80000000000001,Cooling
340.2,130.0,220.2,-90.19999999999999,Cooling
340.5,130.0,220.4,-90.4,Cooling
340.8,130.0,220.6,-90.6,Cooling
341.0,130.0,220.3,-90.30000000000001,Cooling
341.2,130.0,219.7,-89.69999999999999,Cooling
341.5,130.0,220.3,-90.30000000000001,Cooling
341.8,130.0,219.0,-89.0,Cooling
342.0,130.0,218.9,-88.9,Cooling
342.2,130.0,218.8,-88.80000000000001,Cooling
342.5,130.0,219.0,-89.0,Cooling
342.8,130.0,218.4,-88.4,Cooling
343.0,130.0,218.6,-88.6,Cooling
343.2,130.0,219.2,-89.19999999999999,Cooling
343.5,130.0,218.1,-88.1,Cooling
343.8,130.0,218.5,-88.5,Cooling
344.0,130.0,219.0,-89.0,Cooling
344.2,130.0,217.4,-87.4,Cooling
344.5,130.0,217.3,-87.30000000000001,Cooling
344.8,130.0,217.6,-87.6,Cooling
345.0,130.0,218.1,-88.1,Cooling
345.2,130.0,218.0,-88.0,Cooling
345.5,130.0,217.2,-87.19999999999999,Cooling
345.8,130.0,217.1,-87.1,Cooling
346.0,130.0,216.8,-86.80000000000001,Cooling
346.2,130.0,216.8,-86.80000000000001,Cooling
346.5,130.0,216.5,-86.5,Cooling
346.8,130.0,216.3,-86.30000000000001,Cooling
347.0,130.0,217.1,-87.1,Cooling
347.2,130.0,216.6,-86.6,Cooling
347.5,130.0,216.3,-86.30000000000001,Cooling
347.8,130.0,216.4,-86.4,Cooling
348.0,130.0,215.3,-85.30000000000001,Cooling
348.2,130.0,215.4,-85.4,Cooling
348.5,130.0,215.8,-85.80000000000001,Cooling
348.8,130.0,216.0,-86.0,Cooling
349.0,130.0,214.9,-84.9,Cooling
349.2,130.0,214.7,-84.69999999999999,Cooling
349.5,130.0,215.2,-85.19999999999999,Cooling
349.8,130.0,214.2,-84.19999999999999,Cooling
350.0,130.0,214.5,-84.5,Cooling
350.2,130.0,214.7,-84.69999999999999,Cooling
350.5,130.0,214.0,-84.0,Cooling
350.8,130.0,213.9,-83.9,Cooling
351.0,130.0,214.4,-84.4,Cooling
351.2,130.0,213.8,-83.80000000000001,Cooling
351.5,130.0,213.8,-83.80000000000001,Cooling
351.8,130.0,213.9,-83.9,Cooling
352.0,130.0,213.0,-83.0,Cooling
352.2,130.0,213.1,-83.1,Cooling
352.5,130.0,212.6,-82.6,Cooling
352.8,130.0,213.2,-83.19999999999999,Cooling
353.0,130.0,212.1,-82.1,Cooling
353.2,130.0,213.2,-83.19999999999999,Cooling
353.5,130.0,212.8,-82.80000000000001,Cooling
353.8,130.0,212.4,-82.4,Cooling
354.0,130.0,211.4,-81.4,Cooling
354.2,130.0,212.5,-82.5,Cooling
354.5,130.0,211.9,-81.9,Cooling
354.8,130.0,211.0,-81.0,Cooling
355.0,130.0,210.9,-80.9,Cooling
355.2,130.0,210.9,-80.9,Cooling
355.5,130.0,211.2,-81.19999999999999,Cooling
355.8,130.0,211.2,-81.19999999999999,Cooling
356.0,130.0,210.4,-80.4,Cooling
356.2,130.0,211.2,-81.19999999999999,Cooling
356.5,130.0,210.7,-80.69999999999999,Cooling
356.8,130.0,210.9,-80.9,Cooling
357.0,130.0,210.4,-80.4,Cooling
357.2,130.0,210.7,-80.69999999999999,Cooling
357.5,130.0,209.5,-79.5,Cooling
357.8,130.0,209.0,-79.0,Cooling
358.0,130.0,209.5,-79.5,Cooling
358.2,130.0,209.0,-79.0,Cooling
358.5,130.0,209.4,-79.4,Cooling
358.8,130.0,208.9,-78.9,Cooling
359.0,130.0,209.2,-79.19999999999999,Cooling
359.2,130.0,208.5,-78.5,Cooling
359.5,130.0,208.6,-78.6,Cooling
359.8,130.0,208.5,-78.5,Cooling
360.0,130.0,208.1,-78.1,Cooling
360.2,130.0,208.1,-78.1,Cooling
360.5,130.0,207.3,-77.30000000000001,Cooling
360.8,130.0,208.1,-78.1,Cooling
361.0,130.0,207.3,-77.30000000000001,Cooling
361.2,130.0,207.2,-77.19999999999999,Cooling
361.5,130.0,207.3,-77.30000000000001,Cooling
361.8,130.0,207.3,-77.30000000000001,Cooling
362.0,130.0,207.2,-77.19999999999999,Cooling
362.2,130.0,206.5,-76.5,Cooling
362.5,130.0,206.9,-76.9,Cooling
362.8,130.0,206.5,-76.5,Cooling
363.0,130.0,206.7,-76.69999999999999,Cooling
363.2,130.0,206.4,-76.4,Cooling
363.5,130.0,205.9,-75.9,Cooling
363.8,130.0,206.3,-76.30000000000001,Cooling
364.0,130.0,205.1,-75.1,Cooling
364.2,130.0,205.5,-75.5,Cooling
364.5,130.0,205.3,-75.30000000000001,Cooling
364.8,130.0,204.6,-74.6,Cooling
365.0,130.0,204.5,-74.5,Cooling
365.2,130.0,205.1,-75.1,Cooling
365.5,130.0,204.6,-74.6,Cooling
365.8,130.0,205.0,-75.0,Cooling
366.0,130.0,204.9,-74.9,Cooling
366.2,130.0,203.8,-73.80000000000001,Cooling
366.5,130.0,204.5,-74.5,Cooling
366.8,130.0,203.6,-73.6,Cooling
367.0,130.0,204.5,-74.5,Cooling
367.2,130.0,203.9,-73.9,Cooling
367.5,130.0,203.8,-73.80000000000001,Cooling
367.8,130.0,203.7,-73.69999999999999,Cooling
368.0,130.0,204.0,-74.0,Cooling
368.2,130.0,203.5,-73.5,Cooling
368.5,130.0,202.6,-72.6,Cooling
368.8,130.0,202.2,-72.19999999999999,Cooling
369.0,130.0,202.3,-72.30000000000001,Cooling
369.2,130.0,201.8,-71.80000000000001,Cooling
369.5,130.0,202.0,-72.0,Cooling
369.8,130.0,201.6,-71.6,Cooling
370.0,130.0,201.5,-71.5,Cooling
370.2,130.0,202.6,-72.6,Cooling
370.5,130.0,201.8,-71.80000000000001,Cooling
370.8,130.0,201.8,-71.80000000000001,Cooling
371.0,130.0,202.0,-72.0,Cooling
371.2,130.0,200.9,-70.9,Cooling
371.5,130.0,201.1,-71.1,Cooling
371.8,130.0,201.0,-71.0,Cooling
372.0,130.0,200.9,-70.9,Cooling
372.2,130.0,200.0,-70.0,Cooling
372.5,130.0,200.5,-70.5,Cooling
372.8,130.0,200.0,-70.0,Cooling
373.0,130.0,200.6,-70.6,Cooling
373.2,130.0,199.4,-69.4,Cooling
373.5,130.0,199.6,-69.6,Cooling
373.8,130.0,199.4,-69.4,Cooling
374.0,130.0,200.0,-70.0,Cooling
374.2,130.0,199.1,-69.1,Cooling
374.5,130.0,199.4,-69.4,Cooling
374.8,130.0,198.6,-68.6,Cooling
375.0,130.0,198.2,-68.19999999999999,Cooling
375.2,130.0,198.6,-68.6,Cooling
375.5,130.0,197.9,-67.9,Cooling
375.8,130.0,198.3,-68.30000000000001,Cooling
376.0,130.0,198.7,-68.69999999999999,Cooling
376.2,130.0,198.4,-68.4,Cooling
376.5,130.0,198.7,-68.69999999999999,Cooling
376.8,130.0,198.0,-68.0,Cooling
377.0,130.0,198.4,-68.4,Cooling
377.2,130.0,198.2,-68.19999999999999,Cooling
377.5,130.0,197.5,-67.5,Cooling
377.8,130.0,197.7,-67.69999999999999,Cooling
378.0,130.0,197.3,-67.30000000000001,Cooling
378.2,130.0,196.8,-66.80000000000001,Cooling
378.5,130.0,196.8,-66.80000000000001,Cooling
378.8,130.0,196.6,-66.6,Cooling
379.0,130.0,197.8,-67.80000000000001,Cooling
379.2,130.0,197.2,-67.19999999999999,Cooling
379.5,130.0,196.8,-66.80000000000001,Cooling
379.8,130.0,197.3,-67.30000000000001,Cooling
380.0,130.0,196.6,-66.6,Cooling
380.2,130.0,196.4,-66.4,Cooling
380.5,130.0,197.0,-67.0,Cooling
380.8,130.0,196.0,-66.0,Cooling
381.0,130.0,196.4,-66.4,Cooling
381.2,130.0,196.1,-66.1,Cooling
381.5,130.0,196.8,-66.80000000000001,Cooling
381.8,130.0,195.5,-65.5,Cooling
382.0,130.0,196.0,-66.0,Cooling
382.2,130.0,194.8,-64.80000000000001,Cooling
382.5,130.0,195.9,-65.9,Cooling
382.8,130.0,195.5,-65.5,Cooling
383.0,130.0,194.6,-64.6,Cooling
383.2,130.0,195.1,-65.1,Cooling
383.5,130.0,194.3,-64.30000000000001,Cooling
383.8,130.0,195.4,-65.4,Cooling
384.0,130.0,194.6,-64.6,Cooling
384.2,130.0,194.2,-64.19999999999999,Cooling
384.5,130.0,194.5,-64.5,Cooling
384.8,130.0,194.5,-64.5,Cooling
385.0,130.0,193.4,-63.400000000000006,Cooling
385.2,130.0,193.4,-63.400000000000006,Cooling
385.5,130.0,192.8,-62.80000000000001,Cooling
385.8,130.0,192.8,-62.80000000000001,Cooling
386.0,130.0,192.0,-62.0,Cooling
386.2,130.0,192.1,-62.099999999999994,Cooling
386.5,130.0,192.5,-62.5,Cooling
386.8,130.0,192.0,-62.0,Cooling
387.0,130.0,192.3,-62.30000000000001,Cooling
387.2,130.0,192.0,-62.0,Cooling
387.5,130.0,191.1,-61.099999999999994,Cooling
387.8,130.0,191.6,-61.599999999999994,Cooling
388.0,130.0,191.8,-61.80000000000001,Cooling
388.2,130.0,191.8,-61.80000000000001,Cooling
388.5,130.0,190.7,-60.69999999999999,Cooling
388.8,130.0,190.7,-60.69999999999999,Cooling
389.0,130.0,191.2,-61.19999999999999,Cooling
389.2,130.0,190.7,-60.69999999999999,Cooling
389.5,130.0,190.9,-60.900000000000006,Cooling
389.8,130.0,190.2,-60.19999999999999,Cooling
390.0,130.0,189.8,-59.80000000000001,Cooling
390.2,130.0,189.5,-59.5,Cooling
390.5,130.0,189.3,-59.30000000000001,Cooling
390.8,130.0,190.0,-60.0,Cooling
391.0,130.0,189.3,-59.30000000000001,Cooling
391.2,130.0,189.3,-59.30000000000001,Cooling
391.5,130.0,189.0,-59.0,Cooling
391.8,130.0,189.5,-59.5,Cooling
392.0,130.0,188.7,-58.69999999999999,Cooling
392.2,130.0,188.4,-58.400000000000006,Cooling
392.5,130.0,188.3,-58.30000000000001,Cooling
392.8,130.0,188.6,-58.599999999999994,Cooling
393.0,130.0,188.9,-58.900000000000006,Cooling
393.2,130.0,187.9,-57.900000000000006,Cooling
393.5,130.0,188.1,-58.099999999999994,Cooling
393.8,130.0,188.7,-58.69999999999999,Cooling
394.0,130.0,188.1,-58.099999999999994,Cooling
394.2,130.0,187.4,-57.400000000000006,Cooling
394.5,130.0,188.3,-58.30000000000001,Cooling
394.8,130.0,187.4,-57.400000000000006,Cooling
395.0,130.0,187.5,-57.5,Cooling
395.2,130.0,187.7,-57.69999999999999,Cooling
395.5,130.0,187.8,-57.80000000000001,Cooling
395.8,130.0,187.7,-57.69999999999999,Cooling
396.0,130.0,186.6,-56.599999999999994,Cooling
396.2,130.0,186.6,-56.599999999999994,Cooling
396.5,130.0,187.2,-57.19999999999999,Cooling
396.8,130.0,186.3,-56.30000000000001,Cooling
397.0,130.0,186.7,-56.69999999999999,Cooling
397.2,130.0,186.7,-56.69999999999999,Cooling
397.5,130.0,187.0,-57.0,Cooling
397.8,130.0,186.6,-56.599999999999994,Cooling
398.0,130.0,186.0,-56.0,Cooling
398.2,130.0,186.3,-56.30000000000001,Cooling
398.5,130.0,186.0,-56.0,Cooling
398.8,130.0,185.1,-55.099999999999994,Cooling
399.0,130.0,185.8,-55.80000000000001,Cooling
399.2,130.0,185.2,-55.19999999999999,Cooling
399.5,130.0,185.5,-55.5,Cooling
399.8,130.0,184.6,-54.599999999999994,Cooling
400.0,130.0,184.5,-54.5,Cooling
400.2,130.0,184.9,-54.900000000000006,Cooling
400.5,130.0,183.8,-53.80000000000001,Cooling
400.8,130.0,183.8,-53.80000000000001,Cooling
401.0,130.0,183.8,-53.80000000000001,Cooling
401.2,130.0,183.5,-53.5,Cooling
401.5,130.0,183.6,-53.599999999999994,Cooling
401.8,130.0,183.5,-53.5,Cooling
402.0,130.0,184.2,-54.19999999999999,Cooling
402.2,130.0,183.1,-53.099999999999994,Cooling
402.5,130.0,184.3,-54.30000000000001,Cooling
402.8,130.0,182.9,-52.900000000000006,Cooling
403.0,130.0,183.8,-53.80000000000001,Cooling
403.2,130.0,183.8,-53.80000000000001,Cooling
403.5,130.0,182.5,-52.5,Cooling
403.8,130.0,182.6,-52.599999999999994,Cooling
404.0,130.0,182.8,-52.80000000000001,Cooling
404.2,130.0,182.2,-52.19999999999999,Cooling
404.5,130.0,182.5,-52.5,Cooling
404.8,130.0,181.9,-51.900000000000006,Cooling
405.0,130.0,182.1,-52.099999999999994,Cooling
405.2,130.0,182.0,-52.0,Cooling
405.5,130.0,182.5,-52.5,Cooling
405.8,130.0,181.6,-51.599999999999994,Cooling
406.0,130.0,181.6,-51.599999999999994,Cooling
406.2,130.0,181.2,-51.19999999999999,Cooling
406.5,130.0,182.0,-52.0,Cooling
406.8,130.0,182.0,-52.0,Cooling
407.0,130.0,181.0,-51.0,Cooling
407.2,130.0,181.2,-51.19999999999999,Cooling
407.5,130.0,181.6,-51.599999999999994,Cooling
407.8,130.0,181.5,-51.5,Cooling
408.0,130.0,180.4,-50.400000000000006,Cooling
408.2,130.0,181.0,-51.0,Cooling
408.5,130.0,180.7,-50.69999999999999,Cooling
408.8,130.0,180.7,-50.69999999999999,Cooling
409.0,130.0,180.2,-50.19999999999999,Cooling
409.2,130.0,180.6,-50.599999999999994,Cooling
409.5,130.0,179.9,-49.900000000000006,Cooling
409.8,130.0,180.1,-50.099999999999994,Cooling
410.0,130.0,180.6,-50.599999999999994,Cooling
410.2,130.0,179.9,-49.900000000000006,Cooling
410.5,130.0,180.2,-50.19999999999999,Cooling
410.8,130.0,179.7,-49.69999999999999,Cooling
411.0,130.0,179.4,-49.400000000000006,Cooling
411.2,130.0,179.0,-49.0,Cooling
411.5,130.0,178.9,-48.900000000000006,Cooling
411.8,130.0,178.6,-48.599999999999994,Cooling
412.0,130.0,179.5,-49.5,Cooling
412.2,130.0,179.4,-49.400000000000006,Cooling
412.5,130.0,178.6,-48.599999999999994,Cooling
412.8,130.0,179.4,-49.400000000000006,Cooling
413.0,130.0,179.0,-49.0,Cooling
413.2,130.0,177.7,-47.69999999999999,Cooling
413.5,130.0,178.6,-48.599999999999994,Cooling
413.8,130.0,178.4,-48.400000000000006,Cooling
414.0,130.0,178.1,-48.099999999999994,Cooling
414.2,130.0,178.5,-48.5,Cooling
414.5,130.0,177.7,-47.69999999999999,Cooling
414.8,130.0,177.5,-47.5,Cooling
415.0,130.0,177.7,-47.69999999999999,Cooling
415.2,130.0,176.7,-46.69999999999999,Cooling
415.5,130.0,176.7,-46.69999999999999,Cooling
415.8,130.0,177.0,-47.0,Cooling
416.0,130.0,176.7,-46.69999999999999,Cooling
416.2,130.0,177.5,-47.5,Cooling
416.5,130.0,176.3,-46.30000000000001,Cooling
416.8,130.0,176.1,-46.099999999999994,Cooling
417.0,130.0,176.0,-46.0,Cooling
417.2,130.0,176.0,-46.0,Cooling
417.5,130.0,175.5,-45.5,Cooling
417.8,130.0,175.6,-45.599999999999994,Cooling
418.0,130.0,176.4,-46.400000000000006,Cooling
418.2,130.0,175.6,-45.599999999999994,Cooling
418.5,130.0,175.2,-45.19999999999999,Cooling
418.8,130.0,175.1,-45.099999999999994,Cooling
419.0,130.0,175.8,-45.80000000000001,Cooling
419.2,130.0,175.2,-45.19999999999999,Cooling
419.5,130.0,174.9,-44.900000000000006,Cooling
419.8,130.0,174.7,-44.69999999999999,Cooling
420.0,130.0,175.4,-45.400000000000006,Cooling
420.2,130.0,175.1,-45.099999999999994,Cooling
420.5,130.0,174.9,-44.900000000000006,Cooling
420.8,130.0,174.2,-44.19999999999999,Cooling
421.0,130.0,174.2,-44.19999999999999,Cooling
421.2,130.0,174.6,-44.599999999999994,Cooling
421.5,130.0,174.0,-44.0,Cooling
421.8,130.0,174.5,-44.5,Cooling
422.0,130.0,173.4,-43.400000000000006,Cooling
422.2,130.0,173.3,-43.30000000000001,Cooling
422.5,130.0,173.4,-43.400000000000006,Cooling
422.8,130.0,173.3,-43.30000000000001,Cooling
423.0,130.0,174.3,-44.30000000000001,Cooling
423.2,130.0,174.0,-44.0,Cooling
423.5,130.0,173.7,-43.69999999999999,Cooling
423.8,130.0,173.5,-43.5,Cooling
424.0,130.0,173.3,-43.30000000000001,Cooling
424.2,130.0,173.3,-43.30000000000001,Cooling
424.5,130.0,172.7,-42.69999999999999,Cooling
424.8,130.0,172.7,-42.69999999999999,Cooling
425.0,130.0,173.6,-43.599999999999994,Cooling
425.2,130.0,171.9,-41.900000000000006,Cooling
425.5,130.0,172.7,-42.69999999999999,Cooling
425.8,130.0,173.0,-43.0,Cooling
426.0,130.0,171.7,-41.69999999999999,Cooling
426.2,130.0,171.8,-41.80000000000001,Cooling
426.5,130.0,172.2,-42.19999999999999,Cooling
426.8,130.0,171.9,-41.900000000000006,Cooling
427.0,130.0,171.6,-41.599999999999994,Cooling
427.2,130.0,171.6,-41.599999999999994,Cooling
427.5,130.0,172.6,-42.599999999999994,Cooling
427.8,130.0,171.3,-41.30000000000001,Cooling
428.0,130.0,172.1,-42.099999999999994,Cooling
428.2,130.0,170.7,-40.69999999999999,Cooling
428.5,130.0,170.8,-40.80000000000001,Cooling
428.8,130.0,170.9,-40.900000000000006,Cooling
429.0,130.0,171.2,-41.19999999999999,Cooling
429.2,130.0,170.8,-40.80000000000001,Cooling
429.5,130.0,170.3,-40.30000000000001,Cooling
429.8,130.0,170.4,-40.400000000000006,Cooling
430.0,130.0,170.0,-40.0,Cooling
430.2,130.0,170.7,-40.69999999999999,Cooling
430.5,130.0,170.1,-40.099999999999994,Cooling
430.8,130.0,169.9,-39.900000000000006,Cooling
431.0,130.0,169.9,-39.900000000000006,Cooling
431.2,130.0,169.9,-39.900000000000006,Cooling
431.5,130.0,169.9,-39.900000000000006,Cooling
431.8,130.0,169.2,-39.19999999999999,Cooling
432.0,130.0,170.1,-40.099999999999994,Cooling
432.2,130.0,169.2,-39.19999999999999,Cooling
432.5,130.0,169.1,-39.099999999999994,Cooling
432.8,130.0,169.4,-39.400000000000006,Cooling
433.0,130.0,169.5,-39.5,Cooling
433.2,130.0,169.1,-39.099999999999994,Cooling
433.5,130.0,168.6,-38.599999999999994,Cooling
433.8,130.0,168.6,-38.599999999999994,Cooling
434.0,130.0,168.6,-38.599999999999994,Cooling
434.2,130.0,168.4,-38.400000000000006,Cooling
434.5,130.0,169.0,-39.0,Cooling
434.8,130.0,167.8,-37.80000000000001,Cooling
435.0,130.0,168.2,-38.19999999999999,Cooling
435.2,130.0,168.5,-38.5,Cooling
435.5,130.0,168.7,-38.69999999999999,Cooling
435.8,130.0,167.8,-37.80000000000001,Cooling
436.0,130.0,168.5,-38.5,Cooling
436.2,130.0,168.1,-38.099999999999994,Cooling
436.5,130.0,168.5,-38.5,Cooling
436.8,130.0,167.7,-37.69999999999999,Cooling
437.0,130.0,167.6,-37.599999999999994,Cooling
437.2,130.0,167.1,-37.099999999999994,Cooling
437.5,130.0,167.7,-37.69999999999999,Cooling
437.8,130.0,167.6,-37.599999999999994,Cooling
438.0,130.0,167.1,-37.099999999999994,Cooling
438.2,130.0,167.3,-37.30000000000001,Cooling
438.5,130.0,167.2,-37.19999999999999,Cooling
438.8,130.0,166.9,-36.900000000000006,Cooling
439.0,130.0,166.4,-36.400000000000006,Cooling
439.2,130.0,166.8,-36.80000000000001,Cooling
439.5,130.0,166.3,-36.30000000000001,Cooling
439.8,130.0,166.0,-36.0,Cooling
440.0,130.0,165.9,-35.900000000000006,Cooling
440.2,130.0,166.0,-36.0,Cooling
440.5,130.0,165.7,-35.69999999999999,Cooling
440.8,130.0,166.0,-36.0,Cooling
441.0,130.0,166.3,-36.30000000000001,Cooling
441.2,130.0,165.4,-35.400000000000006,Cooling
441.5,130.0,165.5,-35.5,Cooling
441.8,130.0,165.1,-35.099999999999994,Cooling
442.0,130.0,165.0,-35.0,Cooling
442.2,130.0,165.0,-35.0,Cooling
442.5,130.0,165.1,-35.099999999999994,Cooling
442.8,130.0,164.9,-34.900000000000006,Cooling
443.0,130.0,165.4,-35.400000000000006,Cooling
443.2,130.0,165.5,-35.5,Cooling
443.5,130.0,164.5,-34.5,Cooling
443.8,130.0,164.5,-34.5,Cooling
444.0,130.0,163.8,-33.80000000000001,Cooling
444.2,130.0,164.9,-34.900000000000006,Cooling
444.5,130.0,164.8,-34.80000000000001,Cooling
444.8,130.0,164.1,-34.099999999999994,Cooling
445.0,130.0,164.9,-34.900000000000006,Cooling
445.2,130.0,164.1,-34.099999999999994,Cooling
445.5,130.0,163.5,-33.5,Cooling
445.8,130.0,163.5,-33.5,Cooling
446.0,130.0,163.6,-33.599999999999994,Cooling
446.2,130.0,163.9,-33.900000000000006,Cooling
446.5,130.0,164.1,-34.099999999999994,Cooling
446.8,130.0,163.3,-33.30000000000001,Cooling
447.0,130.0,163.3,-33.30000000000001,Cooling
447.2,130.0,163.5,-33.5,Cooling
447.5,130.0,163.3,-33.30000000000001,Cooling
447.8,130.0,163.8,-33.80000000000001,Cooling
448.0,130.0,162.9,-32.900000000000006,Cooling
448.2,130.0,162.8,-32.80000000000001,Cooling
448.5,130.0,162.3,-32.30000000000001,Cooling
448.8,130.0,162.8,-32.80000000000001,Cooling
449.0,130.0,162.3,-32.30000000000001,Cooling
449.2,130.0,162.5,-32.5,Cooling
449.5,130.0,162.7,-32.69999999999999,Cooling
449.8,130.0,162.8,-32.80000000000001,Cooling
450.0,130.0,162.8,-32.80000000000001,Cooling
450.2,130.0,162.4,-32.400000000000006,Cooling
450.5,130.0,161.4,-31.400000000000006,Cooling
450.8,130.0,162.0,-32.0,Cooling
451.0,130.0,161.6,-31.599999999999994,Cooling
451.2,130.0,161.8,-31.80000000000001,Cooling
451.5,130.0,161.1,-31.099999999999994,Cooling
451.8,130.0,161.5,-31.5,Cooling
452.0,130.0,161.0,-31.0,Cooling
452.2,130.0,160.9,-30.900000000000006,Cooling
452.5,130.0,161.4,-31.400000000000006,Cooling
452.8,130.0,161.2,-31.19999999999999,Cooling
453.0,130.0,160.8,-30.80000000000001,Cooling
453.2,130.0,161.1,-31.099999999999994,Cooling
453.5,130.0,161.2,-31.19999999999999,Cooling
453.8,130.0,160.9,-30.900000000000006,Cooling
454.0,130.0,160.8,-30.80000000000001,Cooling
454.2,130.0,159.9,-29.900000000000006,Cooling
454.5,130.0,159.9,-29.900000000000006,Cooling
454.8,130.0,159.9,-29.900000000000006,Cooling
455.0,130.0,160.4,-30.400000000000006,Cooling
455.2,130.0,160.3,-30.30000000000001,Cooling
455.5,130.0,159.5,-29.5,Cooling
455.8,130.0,159.2,-29.19999999999999,Cooling
456.0,130.0,159.1,-29.099999999999994,Cooling
456.2,130.0,159.1,-29.099999999999994,Cooling
456.5,130.0,159.2,-29.19999999999999,Cooling
456.8,130.0,159.6,-29.599999999999994,Cooling
457.0,130.0,160.0,-30.0,Cooling
457.2,130.0,158.6,-28.599999999999994,Cooling
457.5,130.0,158.7,-28.69999999999999,Cooling
457.8,130.0,159.3,-29.30000000000001,Cooling
458.0,130.0,159.0,-29.0,Cooling
458.2,130.0,159.3,-29.30000000000001,Cooling
458.5,130.0,158.1,-28.099999999999994,Cooling
458.8,130.0,158.1,-28.099999999999994,Cooling
459.0,130.0,159.0,-29.0,Cooling
459.2,130.0,157.9,-27.900000000000006,Cooling
459.5,130.0,158.1,-28.099999999999994,Cooling
459.8,130.0,158.8,-28.80000000000001,Cooling
460.0,130.0,157.4,-27.400000000000006,Cooling
460.2,130.0,157.7,-27.69999999999999,Cooling
460.5,130.0,158.6,-28.599999999999994,Cooling
460.8,130.0,157.3,-27.30000000000001,Cooling
461.0,130.0,157.7,-27.69999999999999,Cooling
461.2,130.0,157.0,-27.0,Cooling
461.5,130.0,156.9,-26.900000000000006,Cooling
461.8,130.0,157.2,-27.19999999999999,Cooling
462.0,130.0,157.3,-27.30000000000001,Cooling
462.2,130.0,157.2,-27.19999999999999,Cooling
462.5,130.0,157.3,-27.30000000000001,Cooling
462.8,130.0,157.3,-27.30000000000001,Cooling
463.0,130.0,156.4,-26.400000000000006,Cooling
463.2,130.0,157.5,-27.5,Cooling
463.5,130.0,157.0,-27.0,Cooling
463.8,130.0,156.4,-26.400000000000006,Cooling
464.0,130.0,156.5,-26.5,Cooling
464.2,130.0,157.0,-27.0,Cooling
464.5,130.0,156.0,-26.0,Cooling
464.8,130.0,155.9,-25.900000000000006,Cooling
465.0,130.0,155.7,-25.69999999999999,Cooling
465.2,130.0,155.9,-25.900000000000006,Cooling
465.5,130.0,156.1,-26.099999999999994,Cooling
465.8,130.0,156.0,-26.0,Cooling
466.0,130.0,155.7,-25.69999999999999,Cooling
466.2,130.0,157.0,-27.0,Cooling
466.5,130.0,155.9,-25.900000000000006,Cooling
466.8,130.0,155.4,-25.400000000000006,Cooling
467.0,130.0,155.9,-25.900000000000006,Cooling
467.2,130.0,155.4,-25.400000000000006,Cooling
467.5,130.0,154.6,-24.599999999999994,Cooling
467.8,130.0,155.1,-25.099999999999994,Cooling
468.0,130.0,155.1,-25.099999999999994,Cooling
468.2,130.0,155.8,-25.80000000000001,Cooling
468.5,130.0,154.5,-24.5,Cooling
468.8,130.0,155.1,-25.099999999999994,Cooling
469.0,130.0,155.2,-25.19999999999999,Cooling
469.2,130.0,154.6,-24.599999999999994,Cooling
469.5,130.0,154.7,-24.69999999999999,Cooling
469.8,130.0,154.6,-24.599999999999994,Cooling
470.0,130.0,153.4,-23.400000000000006,Cooling
470.2,130.0,154.3,-24.30000000000001,Cooling
470.5,130.0,154.2,-24.19999999999999,Cooling
470.8,130.0,153.9,-23.900000000000006,Cooling
471.0,130.0,153.3,-23.30000000000001,Cooling
471.2,130.0,154.1,-24.099999999999994,Cooling
471.5,130.0,153.4,-23.400000000000006,Cooling
471.8,130.0,153.3,-23.30000000000001,Cooling
472.0,130.0,153.3,-23.30000000000001,Cooling
472.2,130.0,153.4,-23.400000000000006,Cooling
472.5,130.0,152.4,-22.400000000000006,Cooling
472.8,130.0,153.7,-23.69999999999999,Cooling
473.0,130.0,152.9,-22.900000000000006,Cooling
473.2,130.0,152.0,-22.0,Cooling
473.5,130.0,152.4,-22.400000000000006,Cooling
473.8,130.0,152.2,-22.19999999999999,Cooling
474.0,130.0,152.9,-22.900000000000006,Cooling
474.2,130.0,152.4,-22.400000000000006,Cooling
474.5,130.0,151.8,-21.80000000000001,Cooling
474.8,130.0,152.5,-22.5,Cooling
475.0,130.0,151.8,-21.80000000000001,Cooling
475.2,130.0,151.8,-21.80000000000001,Cooling
475.5,130.0,151.8,-21.80000000000001,Cooling
475.8,130.0,152.2,-22.19999999999999,Cooling
476.0,130.0,151.3,-21.30000000000001,Cooling
476.2,130.0,151.8,-21.80000000000001,Cooling
476.5,130.0,152.2,-22.19999999999999,Cooling
476.8,130.0,151.9,-21.900000000000006,Cooling
477.0,130.0,151.3,-21.30000000000001,Cooling
477.2,130.0,151.8,-21.80000000000001,Cooling
477.5,130.0,150.9,-20.900000000000006,Cooling
477.8,130.0,150.9,-20.900000000000006,Cooling
478.0,130.0,151.0,-21.0,Cooling
478.2,130.0,151.6,-21.599999999999994,Cooling
478.5,130.0,150.7,-20.69999999999999,Cooling
478.8,130.0,150.9,-20.900000000000006,Cooling
479.0,130.0,150.4,-20.400000000000006,Cooling
479.2,130.0,150.2,-20.19999999999999,Cooling
479.5,130.0,150.5,-20.5,Cooling
479.8,130.0,150.3,-20.30000000000001,Cooling
480.0,130.0,150.1,-20.099999999999994,Cooling
480.2,130.0,149.8,-19.80000000000001,Cooling
480.5,130.0,150.5,-20.5,Cooling
480.8,130.0,149.7,-19.69999999999999,Cooling
481.0,130.0,150.9,-20.900000000000006,Cooling
481.2,130.0,150.0,-20.0,Cooling
481.5,130.0,149.3,-19.30000000000001,Cooling
481.8,130.0,149.3,-19.30000000000001,Cooling
482.0,130.0,149.6,-19.599999999999994,Cooling
482.2,130.0,149.1,-19.099999999999994,Cooling
482.5,130.0,149.1,-19.099999999999994,Cooling
482.8,130.0,149.8,-19.80000000000001,Cooling
483.0,130.0,149.6,-19.599999999999994,Cooling
483.2,130.0,148.6,-18.599999999999994,Cooling
483.5,130.0,149.5,-19.5,Cooling
483.8,130.0,149.5,-19.5,Cooling
484.0,130.0,148.9,-18.900000000000006,Cooling
484.2,130.0,148.9,-18.900000000000006,Cooling
484.5,130.0,149.4,-19.400000000000006,Cooling
484.8,130.0,148.9,-18.900000000000006,Cooling
485.0,130.0,149.5,-19.5,Cooling
485.2,130.0,149.0,-19.0,Cooling
485.5,130.0,148.0,-18.0,Cooling
485.8,130.0,148.1,-18.099999999999994,Cooling
486.0,130.0,148.9,-18.900000000000006,Cooling
486.2,130.0,148.5,-18.5,Cooling
486.5,130.0,147.8,-17.80000000000001,Cooling
486.8,130.0,148.0,-18.0,Cooling
487.0,130.0,147.6,-17.599999999999994,Cooling
487.2,130.0,148.7,-18.69999999999999,Cooling
487.5,130.0,148.2,-18.19999999999999,Cooling
487.8,130.0,148.2,-18.19999999999999,Cooling
488.0,130.0,148.1,-18.099999999999994,Cooling
488.2,130.0,147.1,-17.099999999999994,Cooling
488.5,130.0,148.1,-18.099999999999994,Cooling
488.8,130.0,147.2,-17.19999999999999,Cooling
489.0,130.0,147.8,-17.80000000000001,Cooling
489.2,130.0,147.1,-17.099999999999994,Cooling
489.5,130.0,148.2,-18.19999999999999,Cooling
489.8,130.0,147.8,-17.80000000000001,Cooling
490.0,130.0,146.9,-16.900000000000006,Cooling
490.2,130.0,147.1,-17.099999999999994,Cooling
490.5,130.0,148.7,-18.69999999999999,Cooling
490.8,130.0,146.2,-16.19999999999999,Cooling
491.0,130.0,146.5,-16.5,Cooling
491.2,130.0,146.4,-16.400000000000006,Cooling
491.5,130.0,146.7,-16.69999999999999,Cooling
491.8,130.0,146.9,-16.900000000000006,Cooling
492.0,130.0,146.2,-16.19999999999999,Cooling
492.2,130.0,146.0,-16.0,Cooling
492.5,130.0,147.5,-17.5,Cooling
492.8,130.0,146.4,-16.400000000000006,Cooling
493.0,130.0,146.5,-16.5,Cooling
493.2,130.0,146.4,-16.400000000000006,Cooling
493.5,130.0,146.4,-16.400000000000006,Cooling
493.8,130.0,146.4,-16.400000000000006,Cooling
494.0,130.0,145.5,-15.5,Cooling
494.2,130.0,146.4,-16.400000000000006,Cooling
494.5,130.0,145.2,-15.199999999999989,Cooling
494.8,130.0,146.6,-16.599999999999994,Cooling
495.0,130.0,145.1,-15.099999999999994,Cooling
495.2,130.0,146.1,-16.099999999999994,Cooling
495.5,130.0,145.9,-15.900000000000006,Cooling
495.8,130.0,144.7,-14.699999999999989,Cooling
496.0,130.0,146.7,-16.69999999999999,Cooling
496.2,130.0,144.9,-14.900000000000006,Cooling
496.5,130.0,144.4,-14.400000000000006,Cooling
496.8,130.0,144.6,-14.599999999999994,Cooling
497.0,130.0,144.7,-14.699999999999989,Cooling
497.2,130.0,146.5,-16.5,Cooling
497.5,130.0,144.7,-14.699999999999989,Cooling
497.8,130.0,144.8,-14.800000000000011,Cooling
498.0,130.0,144.9,-14.900000000000006,Cooling
498.2,130.0,144.9,-14.900000000000006,Cooling
498.5,130.0,144.8,-14.800000000000011,Cooling
498.8,130.0,144.2,-14.199999999999989,Cooling
499.0,130.0,144.4,-14.400000000000006,Cooling
499.2,130.0,144.7,-14.699999999999989,Cooling
499.5,130.0,143.9,-13.900000000000006,Cooling
499.8,130.0,143.5,-13.5,Cooling
500.0,130.0,143.5,-13.5,Cooling
500.2,130.0,144.4,-14.400000000000006,Cooling
500.5,130.0,144.2,-14.199999999999989,Cooling
500.8,130.0,144.2,-14.199999999999989,Cooling
501.0,130.0,144.8,-14.800000000000011,Cooling
501.2,130.0,143.9,-13.900000000000006,Cooling
501.5,130.0,142.9,-12.900000000000006,Cooling
501.8,130.0,143.7,-13.699999999999989,Cooling
502.0,130.0,143.1,-13.099999999999994,Cooling
502.2,130.0,143.0,-13.0,Cooling
502.5,130.0,143.3,-13.300000000000011,Cooling
502.8,130.0,142.6,-12.599999999999994,Cooling
503.0,130.0,143.4,-13.400000000000006,Cooling
503.2,130.0,143.3,-13.300000000000011,Cooling
503.5,130.0,143.3,-13.300000000000011,Cooling
503.8,130.0,143.3,-13.300000000000011,Cooling
504.0,130.0,144.3,-14.300000000000011,Cooling
504.2,130.0,142.0,-12.0,Cooling
504.5,130.0,142.1,-12.099999999999994,Cooling
504.8,130.0,142.9,-12.900000000000006,Cooling
505.0,130.0,142.8,-12.800000000000011,Cooling
505.2,130.0,142.0,-12.0,Cooling
505.5,130.0,142.5,-12.5,Cooling
505.8,130.0,142.1,-12.099999999999994,Cooling
506.0,130.0,143.4,-13.400000000000006,Cooling
506.2,130.0,142.0,-12.0,Cooling
506.5,130.0,141.9,-11.900000000000006,Cooling
506.8,130.0,142.1,-12.099999999999994,Cooling
507.0,130.0,143.0,-13.0,Cooling
507.2,130.0,141.6,-11.599999999999994,Cooling
507.5,130.0,143.4,-13.400000000000006,Cooling
507.8,130.0,141.2,-11.199999999999989,Cooling
508.0,130.0,141.5,-11.5,Cooling
508.2,130.0,143.5,-13.5,Cooling
508.5,130.0,141.0,-11.0,Cooling
508.8,130.0,142.9,-12.900000000000006,Cooling
509.0,130.0,141.7,-11.699999999999989,Cooling
509.2,130.0,142.0,-12.0,Cooling
509.5,130.0,140.3,-10.300000000000011,Cooling
509.8,130.0,140.6,-10.599999999999994,Cooling
510.0,130.0,140.4,-10.400000000000006,Cooling
510.2,130.0,140.8,-10.800000000000011,Cooling
510.5,130.0,140.8,-10.800000000000011,Cooling
510.8,130.0,141.3,-11.300000000000011,Cooling
511.0,130.0,140.7,-10.699999999999989,Cooling
511.2,130.0,140.4,-10.400000000000006,Cooling
511.5,130.0,140.3,-10.300000000000011,Cooling
511.8,130.0,140.1,-10.099999999999994,Cooling
512.0,130.0,140.6,-10.599999999999994,Cooling
512.2,130.0,140.1,-10.099999999999994,Cooling
512.5,130.0,141.0,-11.0,Cooling
512.8,130.0,142.0,-12.0,Cooling
513.0,130.0,140.8,-10.800000000000011,Cooling
513.2,130.0,140.1,-10.099999999999994,Cooling
513.5,130.0,140.3,-10.300000000000011,Cooling
513.8,130.0,139.9,-9.900000000000006,Cooling
514.0,130.0,139.4,-9.400000000000006,Cooling
514.2,130.0,139.3,-9.300000000000011,Cooling
514.5,130.0,140.1,-10.099999999999994,Cooling
514.8,130.0,140.4,-10.400000000000006,Cooling
515.0,130.0,139.2,-9.199999999999989,Cooling
515.2,130.0,139.0,-9.0,Cooling
515.5,130.0,139.9,-9.900000000000006,Cooling
515.8,130.0,140.5,-10.5,Cooling
516.0,130.0,139.0,-9.0,Cooling
516.2,130.0,139.3,-9.300000000000011,Cooling
516.5,130.0,138.7,-8.699999999999989,Cooling
516.8,130.0,139.4,-9.400000000000006,Cooling
517.0,130.0,139.2,-9.199999999999989,Cooling
517.2,130.0,139.0,-9.0,Cooling
517.5,130.0,138.6,-8.599999999999994,Cooling
517.8,130.0,138.7,-8.699999999999989,Cooling
518.0,130.0,138.5,-8.5,Cooling
518.2,130.0,139.0,-9.0,Cooling
518.5,130.0,138.8,-8.800000000000011,Cooling
518.8,130.0,138.0,-8.0,Cooling
519.0,130.0,138.5,-8.5,Cooling
519.2,130.0,138.5,-8.5,Cooling
519.5,130.0,138.8,-8.800000000000011,Cooling
519.8,130.0,138.9,-8.900000000000006,Cooling
520.0,130.0,137.9,-7.900000000000006,Cooling
520.2,130.0,138.8,-8.800000000000011,Cooling
520.5,130.0,137.6,-7.599999999999994,Cooling
520.8,130.0,138.3,-8.300000000000011,Cooling
521.0,130.0,137.8,-7.800000000000011,Cooling
521.2,130.0,139.3,-9.300000000000011,Cooling
521.5,130.0,137.2,-7.199999999999989,Cooling
521.8,130.0,139.0,-9.0,Cooling
522.0,130.0,138.3,-8.300000000000011,Cooling
522.2,130.0,138.0,-8.0,Cooling
522.5,130.0,137.3,-7.300000000000011,Cooling
522.8,130.0,137.1,-7.099999999999994,Cooling
523.0,130.0,138.0,-8.0,Cooling
523.2,130.0,136.8,-6.800000000000011,Cooling
523.5,130.0,136.2,-6.199999999999989,Cooling
523.8,130.0,134.9,-4.900000000000006,Cooling
524.0,130.0,133.4,-3.4000000000000057,Cooling
524.2,130.0,132.0,-2.0,Cooling
524.5,130.0,130.5,-0.5,Cooling
524.8,130.0,128.6,1.4000000000000057,Cooling
525.0,130.0,126.6,3.4000000000000057,Cooling
525.2,130.0,126.4,3.5999999999999943,Cooling
525.5,130.0,127.2,2.799999999999997,Cooling
525.8,130.0,125.4,4.599999999999994,Cooling
526.0,130.0,124.2,5.799999999999997,Cooling
526.2,130.0,123.8,6.200000000000003,Cooling
526.5,130.0,123.4,6.599999999999994,Cooling
526.8,130.0,121.4,8.599999999999994,Cooling
527.0,130.0,120.0,10.0,Cooling
527.2,130.0,118.2,11.799999999999997,Cooling
527.5,130.0,115.5,14.5,Cooling
527.8,130.0,113.2,16.799999999999997,Cooling
528.0,130.0,112.2,17.799999999999997,Cooling
528.2,130.0,110.4,19.599999999999994,Cooling
528.5,130.0,109.3,20.700000000000003,Cooling
528.8,130.0,107.9,22.099999999999994,Cooling
529.0,130.0,106.7,23.299999999999997,Cooling
529.2,130.0,107.0,23.0,Cooling
529.5,130.0,105.7,24.299999999999997,Cooling
529.8,130.0,102.2,27.799999999999997,Cooling
530.0,130.0,100.0,30.0,Cooling
530.2,130.0,98.4,31.599999999999994,Cooling
530.5,130.0,96.3,33.7,Cooling
530.8,130.0,94.1,35.900000000000006,Cooling
531.0,130.0,93.5,36.5,Cooling
531.2,130.0,92.6,37.400000000000006,Cooling
531.5,130.0,90.4,39.599999999999994,Cooling
531.8,130.0,89.6,40.400000000000006,Cooling
532.0,130.0,88.7,41.3,Cooling
532.2,130.0,87.7,42.3,Cooling
532.5,130.0,87.7,42.3,Cooling
532.8,130.0,86.5,43.5,Cooling
533.0,130.0,85.6,44.400000000000006,Cooling
533.2,130.0,84.7,45.3,Cooling
533.5,130.0,83.7,46.3,Cooling
533.8,130.0,82.6,47.400000000000006,Cooling
534.0,130.0,81.8,48.2,Cooling
534.2,130.0,80.9,49.099999999999994,Cooling
534.5,130.0,80.1,49.900000000000006,Cooling
534.8,130.0,79.3,50.7,Cooling
535.0,130.0,79.1,50.900000000000006,Cooling
535.2,130.0,78.4,51.599999999999994,Cooling
535.5,130.0,77.4,52.599999999999994,Cooling
535.8,130.0,76.9,53.099999999999994,Cooling
536.0,130.0,75.5,54.5,Cooling
536.2,130.0,74.5,55.5,Cooling
536.5,130.0,73.5,56.5,Cooling
536.8,130.0,73.0,57.0,Cooling
537.0,130.0,72.2,57.8,Cooling
537.2,130.0,71.7,58.3,Cooling
537.5,130.0,72.3,57.7,Cooling
537.8,130.0,70.9,59.099999999999994,Cooling
538.0,130.0,69.5,60.5,Cooling
538.2,130.0,68.3,61.7,Cooling
538.5,130.0,68.3,61.7,Cooling
538.8,130.0,67.4,62.599999999999994,Cooling
539.0,130.0,67.0,63.0,Cooling
539.2,130.0,67.1,62.900000000000006,Cooling
539.5,130.0,66.0,64.0,Cooling
539.8,130.0,64.9,65.1,Cooling
540.0,130.0,63.9,66.1,Cooling
540.2,130.0,63.5,66.5,Cooling
540.5,130.0,63.5,66.5,Cooling
540.8,130.0,62.2,67.8,Cooling
541.0,130.0,61.3,68.7,Cooling
541.2,130.0,61.3,68.7,Cooling
541.5,130.0,61.3,68.7,Cooling
541.8,130.0,60.6,69.4,Cooling
542.0,130.0,59.8,70.2,Cooling
542.2,170.0,31.5,138.5,Cooling
542.5,170.0,32.9,137.1,Cooling
542.8,170.0,32.0,138.0,Cooling
543.0,170.0,32.7,137.3,Cooling
543.2,170.0,32.4,137.6,Cooling
543.5,170.0,33.5,136.5,Cooling
543.8,170.0,33.4,136.6,Cooling
544.0,170.0,30.9,139.1,Cooling
544.2,170.0,31.0,139.0,Cooling
544.5,170.0,32.1,137.9,Cooling
544.8,170.0,32.2,137.8,Cooling
545.0,170.0,31.8,138.2,Cooling
545.2,170.0,31.9,138.1,Cooling
545.5,170.0,31.3,138.7,Cooling
545.8,170.0,31.6,138.4,Cooling
546.0,170.0,32.5,137.5,Cooling
